1751528462.855,117,07E9B109206B2300
1751528462.855,118,77FFF3FDA103
1751528462.866,119,F3FF0600F9FF
1751528462.866,5F0,02890705070507A2
1751528462.877,5F6,005F012601260000
1751528462.887,5F7,000000000010FF92
1751528462.887,5F2,03E8020802BC072D
1751528462.898,5F4,000003E803E803E8
1751528462.898,61B,4B02000000000000
1751528462.909,624,0000000000720000
1751528462.909,5F3,001A009300640000
1751528462.920,5F5,00650000006403E8
1751528463.947,116,0000000000000000
1751528463.958,117,07E9B109206B2300
1751528463.958,118,D3FF3EFD8503
1751528463.969,119,F0FF00002200
1751528463.969,5F0,0289072C072C07B8
1751528463.050,116,0000000000000000
1751528463.061,117,07E9B109206B2300
1751528463.061,118,06009BFD4B04
1751528463.072,119,FDFF04002F00
1751528463.072,5F0,02891A2A1A2A09EE
1751528463.153,116,0000000000000000
1751528463.164,117,07E9B109206B2300
1751528463.164,118,73FFD6FD6304
1751528463.175,119,000000002F00
1751528463.175,5F0,028911211121085D
1751528463.255,116,0000000000000000
1751528463.265,117,07E9B109206B2300
1751528463.266,118,55FF92FC4B04
1751528463.276,119,F2FF04003D00
1751528463.277,5F0,02891122112207D9
1751528463.355,116,0000000000000000
1751528463.356,117,07E9B109206B2300
1751528463.367,118,3EFF08FCAF04
1751528463.377,119,F5FF05005400
1751528463.377,5F0,0289117C117C0814
1751528463.391,5F3,00CA009300640000
1751528463.402,5F5,00660018006403E8
1751528463.455,116,0000000000000000
1751528463.466,117,07E9B109206B2300
1751528463.466,118,0BFF29FC2704
1751528463.477,119,FCFF04005C00
1751528463.477,5F0,028911DE11DE083F
1751528463.555,116,0000000000000000
1751528463.566,117,07E9B109206B2300
1751528463.566,118,95FEF2FBDA03
1751528463.577,119,F9FF05006100
1751528463.577,5F0,02890EF10EF1083D
1751528463.666,5F0,02890A080A080869
1751528463.766,5F0,028A08F508F50820
1751528463.866,5F0,028A08FE08FE07AB
1751528463.877,5F6,0063011A011A0000
1751528463.887,5F7,0000000A0009FFFD
1751528463.888,5F2,03E8034202BC072E
1751528463.898,5F4,000003E803E803E8
1751528463.899,61B,4C02000000000001
1751528463.909,624,0000000000460000
1751528463.909,5F3,00D0009300640000
1751528463.920,5F5,00650000006403E8
1751528464.966,5F0,028A0903090307DE
1751528464.067,5F0,028A092209220863
1751528464.167,5F0,028A12A812A808B7
1751528464.267,5F0,028A13061306085B
1751528464.367,5F0,028A137B137B08CF
1751528464.392,5F3,0165009200640000
1751528464.402,5F5,00650017006403E8
1751528464.467,5F0,028A13A413A40907
1751528464.568,5F0,028A103110310954
1751528464.668,5F0,028A0B1C0B1C0AF8
1751528464.768,5F0,028B0B060B060A06
1751528464.868,5F0,028B0B090B09093B
1751528464.877,5F2,03E8039D02BC072C
1751528464.888,5F4,000003E803E803E8
1751528464.888,5F6,0065015801580000
1751528464.898,5F7,0000000600000112
1751528464.899,61B,4D02000000000000
1751528464.909,624,00000000005A0000
1751528464.910,5F3,017B009300640000
1751528464.920,5F5,00660000006403E8
1751528465.969,5F0,028B0B090B090940
1751528465.069,5F0,028B0B090B090000
1751528465.169,5F0,028B0B240B240A56
1751528465.270,117,07E9AE091F722000
1751528465.270,118,95FEF2FBDA03
1751528465.281,5F0,028B0B1F0B1F09D4
1751528465.370,117,07E9AE091F722000
1751528465.370,118,8EFEFAFDB004
1751528465.381,119,FCFF00002500
1751528465.391,5F0,028B0B240B240A15
1751528465.394,5F3,0189009200640000
1751528465.405,5F5,00660000006403E8
1751528465.469,116,0000000000000000
1751528465.480,117,07E9AE091F722000
1751528465.480,118,67FE5EFEA104
1751528465.491,119,FAFF03002800
1751528465.491,5F0,028B0B240B240A2E
1751528465.569,116,0000000000000000
1751528465.580,117,07E9AE091F722000
1751528465.580,118,41FEC5FD7004
1751528465.591,119,FCFF02002800
1751528465.591,5F0,028B0B2F0B2F0A48
1751528465.669,116,0000000000000000
1751528465.670,117,07E9AE091F722000
1751528465.681,118,D0FE73FDEF03
1751528465.691,119,FBFF02002800
1751528465.691,5F0,028B0B2D0B2D0A61
1751528465.771,5F0,028C0B240B240A8B
1751528465.774,116,0000000000000000
1751528465.784,117,07E9B4091EE12700
1751528465.785,118,82FFA3FF1E05
1751528465.795,119,FFFF04002200
1751528465.871,5F0,028C0B1C0B1C0AAC
1751528465.874,116,0000000000000000
1751528465.885,117,07E9B4091EE12700
1751528465.885,118,BDFE3601CF03
1751528465.896,119,050001001200
1751528465.896,5F6,0064015F015F0000
1751528465.906,5F7,0000FF5DFFFC0010
1751528465.907,5F2,03E8039502BC072C
1751528465.917,5F4,000003E803E803E8
1751528465.928,61B,4E02000000000000
1751528465.928,624,0000000000A70000
1751528466.939,5F3,0185009200640000
1751528466.939,5F5,00660000006403E8
1751528466.971,5F0,028C0AD80AD80ACD
1751528466.977,116,0000000000000000
1751528466.988,117,07E9B4091EE12700
1751528466.988,118,91FD8BFE9B04
1751528466.999,119,000000000600
1751528466.071,5F0,028C0A100A100AF4
1751528466.086,116,0000000000000000
1751528466.086,117,07E9B4091EE12700
1751528466.097,118,D7FEE5006803
1751528466.107,119,0100FEFF0200
1751528466.171,5F0,028C0A930A930B1B
1751528466.183,116,0000000000000000
1751528466.194,117,07E9B4091EE12700
1751528466.194,118,CEFE0B009903
1751528466.205,119,F9FFFCFFFFFF
1751528466.272,5F0,028C09A609A60AFE
1751528466.284,116,0000000000000000
1751528466.295,117,07E9B4091EE12700
1751528466.295,118,68004A006404
1751528466.306,119,FEFFFAFFFBFF
1751528466.372,5F0,028C08EC08EC0AB0
1751528466.384,116,0000000000000000
1751528466.385,117,07E9B4091EE12700
1751528466.396,118,C000AC010E03
1751528466.406,119,0000F6FFFCFF
1751528466.406,5F3,0019009200640000
1751528466.417,5F5,00650000006403E8
1751528466.472,5F0,028C086B086B0A5B
1751528466.484,116,0000000000000000
1751528466.495,117,07E9B4091EE12700
1751528466.495,118,9002DC007304
1751528466.506,119,0400FEFFF8FF
1751528466.572,5F0,028C0813081309FA
1751528466.584,116,0000000000000000
1751528466.595,117,07E9B4091EE12700
1751528466.595,118,7C01CFFFFE03
1751528466.606,119,00000000F2FF
1751528466.673,5F0,028C07D407D4097A
1751528466.684,116,0000000000000000
1751528466.685,117,07E9B4091EE12700
1751528466.696,118,CF012D017004
1751528466.706,119,FFFFFBFFECFF
1751528466.773,5F0,028D07A507A5091C
1751528466.787,116,0000000000000000
1751528466.798,117,07E9B4091E432900
1751528466.798,118,1C02A0021604
1751528466.809,119,0300FAFFE9FF
1751528466.873,5F0,028D077F077F08B0
1751528466.877,5F6,005F013F013F0000
1751528466.888,5F7,00000000FFFCFF9E
1751528466.888,5F2,03E8021702BC072F
1751528466.899,5F4,000003E803E803E8
1751528466.899,61B,4E02000000000001
1751528466.910,624,00000000009C0000
1751528466.910,116,0000000000000000
1751528466.920,117,07E9B4091E432900
1751528466.921,118,B701AA00C103
1751528466.931,119,0100FBFFE0FF
1751528467.942,5F3,0014009200640000
1751528467.942,5F5,00650000006403E8
1751528467.973,5F0,028D1A301A300B5C
1751528467.993,116,0000000000000000
1751528467.004,117,07E9B4091E432900
1751528467.004,118,AB0173004404
1751528467.015,119,0000FAFFDAFF
1751528467.073,5F0,028D076B076B085D
1751528467.096,116,0000000000000000
1751528467.097,117,07E9B4091E432900
1751528467.107,118,08016E014304
1751528467.118,119,FFFF0300DEFF
1751528467.174,5F0,028D074A074A080F
1751528467.199,116,0000000000000000
1751528467.210,117,07E9B4091E432900
1751528467.210,118,350035039A03
1751528467.221,119,0700F9FFD7FF
1751528467.274,5F0,028D075A075A0812
1751528467.302,116,0000000000000000
1751528467.302,117,07E9B4091E432900
1751528467.313,118,4A003E024803
1751528467.323,119,0500F8FFC1FF
1751528467.374,5F0,028D076E076E081D
1751528467.393,5F3,0012009300640000
1751528467.404,5F5,00660000006403E8
1751528467.404,116,0000000000000000
1751528467.415,117,07E9B4091E432900
1751528467.415,118,6A004203E003
1751528467.425,119,0500F6FFB8FF
1751528467.474,5F0,028D077207720811
1751528467.499,116,0000000000000000
1751528467.510,117,07E9B4091E432900
1751528467.510,118,350019020A04
1751528467.521,119,0000F4FFBCFF
1751528467.574,5F0,028D081808180A6C
1751528467.599,116,0000000000000000
1751528467.600,117,07E9B4091E432900
1751528467.611,118,97003502BB03
1751528467.621,119,0000F6FFBDFF
1751528467.675,5F0,028D07A807A80853
1751528467.700,116,0000000000000000
1751528467.710,117,07E9B4091E432900
1751528467.711,118,990097012405
1751528467.721,119,FFFFF7FFBEFF
1751528467.775,5F0,028E07C607C607F9
1751528467.808,116,0000000000000000
1751528467.818,117,07E9C4091DC51E00
1751528467.819,118,C8FF6A016403
1751528467.829,119,0200FDFFC0FF
1751528467.878,5F0,028E079C079C07E9
1751528467.878,5F6,0060012C012C0000
1751528467.889,5F7,0000002A0009001D
1751528467.899,5F2,03E8025602BC072F
1751528467.900,5F4,000003E803E803E8
1751528467.910,61B,5002000000000001
1751528467.910,624,00000000004B0000
1751528467.921,5F3,0028009300640000
1751528467.921,5F5,00650000006403E8
1751528467.932,116,0000000000000000
1751528467.935,117,07E9C4091DC51E00
1751528468.945,118,4D01F2017304
1751528468.946,119,FEFFF7FFC5FF
1751528468.975,5F0,028E079A079A07DC
1751528468.008,116,0000000000000000
1751528468.019,117,07E9C4091DC51E00
1751528468.019,118,90000B02B103
1751528468.030,119,0400FAFFC7FF
1751528468.076,5F0,028E07AC07AC0797
1751528468.111,116,0000000000000000
1751528468.112,117,07E9C4091DC51E00
1751528468.122,118,AD0055020C04
1751528468.133,119,0500F8FFC9FF
1751528468.180,5F0,028E07CB07CB0000
1751528468.214,116,0000000000000000
1751528468.224,117,07E9C4091DC51E00
1751528468.225,118,B6FFF402DA03
1751528468.235,119,0300F9FFC2FF
1751528468.277,5F0,028E1A2A1A2A0096
1751528468.317,116,0000000000000000
1751528468.317,117,07E9C4091DC51E00
1751528468.328,118,ED002C035403
1751528468.338,119,0400F8FFB9FF
1751528468.377,5F0,028E083B083B0849
1751528468.394,5F3,0035009300640000
1751528468.394,5F5,00650000006403E8
1751528468.414,116,0000000000000000
1751528468.425,117,07E9C4091DC51E00
1751528468.425,118,BA00CE02B603
1751528468.436,119,0100FDFFB3FF
1751528468.477,5F0,028E07F407F407B6
1751528468.514,116,0000000000000000
1751528468.525,117,07E9C4091DC51E00
1751528468.525,118,5901E4028603
1751528468.536,119,0200F4FFB7FF
1751528468.578,5F0,028E07F707F70797
1751528468.614,116,0000000000000000
1751528468.615,117,07E9C4091DC51E00
1751528468.626,118,D2005C007004
1751528468.636,119,FDFFFBFFBAFF
1751528468.686,5F0,028E07FF07FF0740
1751528468.715,116,0000000000000000
1751528468.726,117,07E9C4091DC51E00
1751528468.726,118,E10087018C04
1751528468.737,119,FDFFF4FFCEFF
1751528468.778,5F0,028F07E907E9070A
1751528468.823,116,0000000000000000
1751528468.823,117,07E9F3091D781C00
1751528468.834,118,EC0092013804
1751528468.844,119,0100FFFFC4FF
1751528468.878,5F6,0062011B011B0000
1751528468.888,5F7,0000FFC00000FFCC
1751528468.889,5F0,028F07E007E006F5
1751528468.899,5F2,03E8029702BC072C
1751528468.899,5F4,000003E803E803E8
1751528468.910,61B,5202000000000000
1751528468.910,624,0000000000360000
1751528468.921,5F3,0014009300640000
1751528468.921,5F5,00660000006403E8
1751528468.932,116,0000000000000000
1751528468.932,117,07E9F3091D781C00
1751528468.943,118,300171023804
1751528469.956,119,0400F7FFC4FF
1751528469.978,5F0,028F0809080906A2
1751528469.024,116,0000000000000000
1751528469.035,117,07E9F3091D781C00
1751528469.035,118,8600E0FFFC04
1751528469.046,119,FAFFFDFFC6FF
1751528469.078,5F0,028F082D082D0665
1751528469.127,116,0000000000000000
1751528469.128,117,07E9F3091D781C00
1751528469.138,118,F2FFA4009B03
1751528469.149,119,0700FFFFCBFF
1751528469.179,5F0,028F083F083F063D
1751528469.230,116,0000000000000000
1751528469.230,117,07E9F3091D781C00
1751528469.241,118,DA010B03A403
1751528469.251,119,0600F7FFBCFF
1751528469.279,5F0,028F083F083F0645
1751528469.333,116,0000000000000000
1751528469.343,117,07E9F3091D781C00
1751528469.344,118,3302DF024304
1751528469.354,119,0300F2FFA7FF
1751528469.379,5F0,028F084E084E0626
1751528469.395,5F3,0010009300640000
1751528469.405,5F5,00650000006403E8
1751528469.429,116,0000000000000000
1751528469.430,117,07E9F3091D781C00
1751528469.441,118,2900BA013203
1751528469.451,119,0000FAFF9CFF
1751528469.482,5F0,028F086008600605
1751528469.529,116,0000000000000000
1751528469.540,117,07E9F3091D781C00
1751528469.540,118,F10084021904
1751528469.551,119,FFFFF8FF9EFF
1751528469.580,5F0,028F086C086C05E5
1751528469.629,116,0000000000000000
1751528469.630,117,07E9F3091D781C00
1751528469.641,118,28013B014F04
1751528469.651,119,0000F4FFA1FF
1751528469.680,5F0,028F0883088305F6
1751528469.731,116,0000000000000000
1751528469.731,117,07E9F3091D781C00
1751528469.742,118,9E00C7023D03
1751528469.752,119,0300F9FF9BFF
1751528469.780,5F0,0290086D086D05D5
1751528469.838,116,0000000000000000
1751528469.848,117,07EA29091D6B1500
1751528469.849,118,4C0068021303
1751528469.860,119,FFFFF7FF9FFF
1751528469.878,5F6,0061014601460000
1751528469.889,5F7,000000000000FFFB
1751528469.889,5F2,03E8029602BC072F
1751528469.899,5F4,000003E803E803E8
1751528469.900,61B,5202000000000000
1751528469.910,624,00000000003A0000
1751528469.911,5F0,02900885088505EA
1751528469.921,5F3,000D009200640000
1751528469.921,5F5,00650000006403E8
1751528469.936,116,0000000000000000
1751528469.937,117,07EA29091D6B1500
1751528469.947,118,4E020E031404
1751528470.958,119,FCFFF3FF9EFF
1751528470.980,5F0,0290087E087E05DC
1751528470.039,116,0000000000000000
1751528470.040,117,07EA29091D6B1500
1751528470.050,118,E1FF8BFFAA04
1751528470.061,119,FDFFFEFFA2FF
1751528470.081,5F0,0290089A089A05C2
1751528470.144,116,0000000000000000
1751528470.155,117,07EA29091D6B1500
1751528470.155,118,45FF19FFB703
1751528470.166,119,FBFFFBFFCFFF
1751528470.181,5F0,029008BC08BC05B2
1751528470.244,116,0000000000000000
1751528470.255,117,07EA29091D6B1500
1751528470.255,118,8F001301FF03
1751528470.266,119,FDFF0200E1FF
1751528470.281,5F0,029008F008F00517
1751528470.351,116,0000000000000000
1751528470.351,117,07EA29091D6B1500
1751528470.362,118,1FFFF0FE5F04
1751528470.372,119,FEFF0000FAFF
1751528470.381,5F0,029008F908F9059A
1751528470.395,5F3,000B009200640000
1751528470.406,5F5,00650000006403E8
1751528470.444,116,0000000000000000
1751528470.455,117,07EA29091D6B1500
1751528470.455,118,FBFF79FD2204
1751528470.466,119,FDFFFAFF1E00
1751528470.481,5F0,029009280928056A
1751528470.544,116,0000000000000000
1751528470.555,117,07EA29091D6B1500
1751528470.555,118,000019FE1305
1751528470.566,119,F7FF0A003E00
1751528470.582,5F0,029008ED08ED056E
1751528470.646,116,0000000000000000
1751528470.656,117,07EA29091D6B1500
1751528470.657,118,EFFF7FFC3D04
1751528470.667,119,FEFF04004B00
1751528470.682,5F0,029008D908D90622
1751528470.746,116,0000000000000000
1751528470.756,117,07EA29091D6B1500
1751528470.757,118,ACFFDDFDA003
1751528470.767,119,FDFF12006100
1751528470.783,5F0,029108AE08AE05E6
1751528470.853,116,0000000000000000
1751528470.853,117,07EA58091D8E1500
1751528470.864,118,850043FEFA04
1751528470.875,119,FDFF03005B00
1751528470.878,5F6,0061015401540000
1751528470.889,5F7,0000FFF40000000A
1751528470.889,5F2,03E802B602BC0734
1751528470.900,5F4,000003E803E803E8
1751528470.900,61B,5202000000000000
1751528470.910,624,0000000000370000
1751528470.911,5F0,029108F908F905DA
1751528470.921,5F3,0009009200640000
1751528470.922,5F5,00650000006403E8
1751528470.952,116,0000000000000000
1751528471.963,117,07EA58091D8E1500
1751528471.963,118,9EFFBCFD3104
1751528471.974,119,F9FF08006400
1751528471.983,5F0,029108720872061D
1751528471.055,116,0000000000000000
1751528471.066,117,07EA58091D8E1500
1751528471.066,118,FBFF54FEC703
1751528471.077,119,FBFFFFFF5D00
1751528471.087,5F0,029108C908C905E0
1751528471.158,116,0000000000000000
1751528471.159,117,07EA58091D8E1500
1751528471.169,118,B4008BFEEE04
1751528471.180,119,FBFF01006400
1751528471.183,5F0,0291085F085F067A
1751528471.260,116,0000000000000000
1751528471.270,117,07EA58091D8E1500
1751528471.271,118,79FF85FC7F04
1751528471.281,119,F8FF03006100
1751528471.283,5F0,0291089A089A05EF
1751528471.359,116,0000000000000000
1751528471.370,117,07EA58091D8E1500
1751528471.370,118,C70050FD2005
1751528471.381,119,F8FF06006900
1751528471.383,5F0,0291084A084A0690
1751528471.396,5F3,0007009300640000
1751528471.406,5F5,00650000006403E8
1751528471.459,116,0000000000000000
1751528471.470,117,07EA58091D8E1500
1751528471.470,118,89FFE0FDFE03
1751528471.481,119,F6FF05006900
1751528471.483,5F0,029108560856061B
1751528471.559,116,0000000000000000
1751528471.570,117,07EA58091D8E1500
1751528471.570,118,DBFFDAFC6704
1751528471.581,119,F7FF03006900
1751528471.589,5F0,029110DE10DE06A8
1751528471.659,116,0000000000000000
1751528471.660,117,07EA58091D8E1500
1751528471.671,118,860068FD4F04
1751528471.681,119,F6FF04007000
1751528471.684,5F0,029110C210C20634
1751528471.761,116,0000000000000000
1751528471.772,117,07EA58091D8E1500
1751528471.772,118,A30040FD0C05
1751528471.783,119,F8FF04006F00
1751528471.784,5F0,029210CD10CD0684
1751528471.864,116,0000000000000000
1751528471.875,117,07EA8D091D7F1800
1751528471.875,118,25FF77FC6204
1751528471.886,119,F6FF09006F00
1751528471.886,5F6,0060012301230000
1751528471.897,5F7,0000002A0002000E
1751528471.897,5F2,03E8029802BC0737
1751528471.907,5F4,000003E803E803E8
1751528471.908,61B,5202000000000005
1751528471.918,624,0000000000360000
1751528471.919,5F0,02921090109006C9
1751528471.929,5F3,0024009200640000
1751528471.930,5F5,00640016006403E8
1751528472.967,116,0000000000000000
1751528472.978,117,07EA8D091D7F1800
1751528472.978,118,BE000EFEAF04
1751528472.989,119,F8FF05006C00
1751528472.989,5F0,02920F1C0F1C0654
1751528472.070,116,0000000000000000
1751528472.081,117,07EA8D091D7F1800
1751528472.081,118,B2FF58FF1905
1751528472.092,119,FFFF05005B00
1751528472.092,5F0,02920A920A9206B9
1751528472.173,116,0000000000000000
1751528472.184,117,07EA8D091D7F1800
1751528472.184,118,E0FFFBFE0903
1751528472.195,119,000006004A00
1751528472.195,5F0,02920803080306B4
1751528472.274,116,0000000000000000
1751528472.275,117,07EA8D091D7F1800
1751528472.286,118,C7FFBFFE9904
1751528472.296,119,000000003F00
1751528472.296,5F0,0292083C083C0663
1751528472.374,116,0000000000000000
1751528472.385,117,07EA8D091D7F1800
1751528472.385,118,F200D4FEDB03
1751528472.396,119,0000FEFF2800
1751528472.396,5F0,02920830083006C0
1751528472.407,5F3,0015009200640000
1751528472.407,5F5,00640000006403E8
1751528472.474,116,0000000000000000
1751528472.485,117,07EA8D091D7F1800
1751528472.485,118,95FF4601A504
1751528472.496,119,0400FFFF1800
1751528472.496,5F0,0292081C081C0695
1751528472.574,116,0000000000000000
1751528472.585,117,07EA8D091D7F1800
1751528472.585,118,2CFF50013003
1751528472.596,119,03000200FFFF
1751528472.596,5F0,029208100810069E
1751528472.674,116,0000000000000000
1751528472.685,117,07EA8D091D7F1800
1751528472.685,118,080060025104
1751528472.696,119,0200FDFFEAFF
1751528472.696,5F0,02920802080206C8
1751528472.777,116,0000000000000000
1751528472.787,117,07EAAB091D301A00
1751528472.788,118,0CFFC9007405
1751528472.798,119,0000FBFFE1FF
1751528472.799,5F0,02930801080106BD
1751528472.879,5F6,0060012501250000
1751528472.887,119,0300FAFFD5FF
1751528472.887,5F7,000000000000FFFF
1751528472.898,5F2,03E8029202BC0739
1751528472.908,5F4,000003E803E803E8
1751528472.908,61B,52020000000000FB
1751528472.919,624,0000000000420000
1751528472.919,5F0,029307F507F506BA
1751528472.930,5F3,0014009200640000
1751528472.930,5F5,00640000006403E8
1751528473.982,116,0000000000000000
1751528473.983,117,07EAAB091D301A00
1751528473.993,118,F1FFD6018504
1751528473.004,119,FFFFFBFFCAFF
1751528473.004,5F0,029307D307D306F3
1751528473.085,116,0000000000000000
1751528473.096,117,07EAAB091D301A00
1751528473.096,118,9A00F1021A04
1751528473.107,119,0200FAFFC1FF
1751528473.107,5F0,029307BE07BE070A
1751528473.188,5F0,029307C307C3071E
1751528473.191,116,0000000000000000
1751528473.201,117,07EAAB091D301A00
1751528473.202,118,FAFF1E030004
1751528473.212,119,0400F9FFB2FF
1751528473.288,5F0,029307D007D00754
1751528473.291,116,0000000000000000
1751528473.301,117,07EAAB091D301A00
1751528473.302,118,1C0123038F04
1751528473.312,119,0000F5FFB3FF
1751528473.388,5F0,029307C307C30735
1751528473.391,116,0000000000000000
1751528473.401,117,07EAAB091D301A00
1751528473.402,118,DDFF77022F04
1751528473.412,119,0400F7FFADFF
1751528473.413,5F3,0019009200640000
1751528473.423,5F5,00640000006403E8
1751528473.488,5F0,029307CA07CA074E
1751528473.491,116,0000000000000000
1751528473.502,117,07EAAB091D301A00
1751528473.502,118,910189032104
1751528473.512,119,0000F6FFABFF
1751528473.588,5F0,029307CA07CA0751
1751528473.591,116,0000000000000000
1751528473.602,117,07EAAB091D301A00
1751528473.602,118,86FFBD024603
1751528473.613,119,0200F9FFABFF
1751528473.689,5F0,029307CA07CA0742
1751528473.692,116,0000000000000000
1751528473.702,117,07EAAB091D301A00
1751528473.703,118,4C0154039504
1751528473.713,119,0300F2FFB1FF
1751528473.789,5F0,029407D107D10754
1751528473.792,116,0000000000000000
1751528473.803,117,07EAD4091CE31A00
1751528473.803,118,D00088024904
1751528473.814,119,0000FCFFB4FF
1751528473.879,5F2,03E8028002BC0743
1751528473.879,5F4,000003E803E803E8
1751528473.890,5F6,0060015201520000
1751528473.900,5F7,0000FFB6FFED0001
1751528473.901,61B,5302000000000001
1751528473.911,624,00000000003D0000
1751528473.912,5F0,02940877087709CA
1751528473.922,116,0000000000000000
1751528473.922,117,07EAD4091CE31A00
1751528473.936,118,9D008A002904
1751528473.936,119,FEFFF6FFBCFF
1751528473.947,5F3,001B009200640000
1751528473.947,5F5,00640000006403E8
1751528474.990,5F0,029407CC07CC0741
1751528474.002,116,0000000000000000
1751528474.013,117,07EAD4091CE31A00
1751528474.013,118,6D000BFFD803
1751528474.024,119,F6FFFDFFD1FF
1751528474.090,5F0,029407B007B006EB
1751528474.101,116,0000000000000000
1751528474.112,117,07EAD4091CE31A00
1751528474.112,118,BEFE87FFBA03
1751528474.123,119,FBFFFEFFD9FF
1751528474.190,5F0,029407C007C006D2
1751528474.204,116,0000000000000000
1751528474.215,117,07EAD4091CE31A00
1751528474.215,118,B70039007403
1751528474.226,119,0000FBFFE5FF
1751528474.291,5F0,029407CB07CB06AF
1751528474.305,116,0000000000000000
1751528474.305,117,07EAD4091CE31A00
1751528474.316,118,78FF9F00F403
1751528474.326,119,FCFFFBFFE4FF
1751528474.391,5F0,029407E807E80688
1751528474.397,5F3,000C009200640000
1751528474.408,5F5,00640000006403E8
1751528474.408,116,0000000000000000
1751528474.419,117,07EAD4091CE31A00
1751528474.419,118,2801DD00D704
1751528474.430,119,0000FEFFE9FF
1751528474.491,5F0,029408000800065F
1751528474.504,116,0000000000000000
1751528474.515,117,07EAD4091CE31A00
1751528474.515,118,4B00B300CB03
1751528474.526,119,FCFFFEFFE6FF
1751528474.592,5F0,029408120812062F
1751528474.604,116,0000000000000000
1751528474.605,117,07EAD4091CE31A00
1751528474.616,118,C20031013E04
1751528474.626,119,0500F8FFE2FF
1751528474.692,5F0,02940832083205EF
1751528474.705,116,0000000000000000
1751528474.715,117,07EAD4091CE31A00
1751528474.716,118,A4003102F603
1751528474.726,119,0500FFFFCBFF
1751528474.792,5F0,02950830083005FF
1751528474.813,116,0000000000000000
1751528474.824,117,07EB0C091CBD1800
1751528474.825,118,7900DB010A04
1751528474.835,119,0100FBFFC0FF
1751528474.884,5F6,0060013D013D0000
1751528474.884,5F7,000000180003FFE8
1751528474.895,5F2,03E8028002BC0747
1751528474.905,5F4,000003E803E803E8
1751528474.905,61B,5302000000000005
1751528474.916,624,0000000000340000
1751528474.916,5F0,0295083E083E0634
1751528474.927,5F3,0009009200640000
1751528474.927,5F5,00640000006403E8
1751528474.938,116,0000000000000000
1751528474.941,117,07EB0C091CBD1800
1751528474.951,118,5F001D02F803
1751528474.952,119,0000FCFFBAFF
1751528475.992,5F0,02950863086305DF
1751528475.013,116,0000000000000000
1751528475.024,117,07EB0C091CBD1800
1751528475.024,118,000078020704
1751528475.035,119,0000F4FFBEFF
1751528475.093,5F0,029507EF07EF0668
1751528475.116,116,0000000000000000
1751528475.117,117,07EB0C091CBD1800
1751528475.127,118,CAFFF801C004
1751528475.138,119,0300FAFFB3FF
1751528475.193,5F0,0295085C085C05C3
1751528475.219,116,0000000000000000
1751528475.229,117,07EB0C091CBD1800
1751528475.230,118,BA003902D904
1751528475.240,119,FEFFF4FFBEFF
1751528475.293,5F0,0295080D080D0621
1751528475.323,116,0000000000000000
1751528475.333,117,07EB0C091CBD1800
1751528475.334,118,0C0157021A03
1751528475.344,119,0600FCFFB5FF
1751528475.394,5F0,0295083108310665
1751528475.398,5F3,0009009200640000
1751528475.408,5F5,00640000006403E8
1751528475.419,116,0000000000000000
1751528475.430,117,07EB0C091CBD1800
1751528475.430,118,A100EE015504
1751528475.441,119,0300F8FFAFFF
1751528475.494,5F0,0295081F081F0638
1751528475.519,116,0000000000000000
1751528475.530,117,07EB0C091CBD1800
1751528475.530,118,7F007802CB03
1751528475.541,119,0100F7FFAEFF
1751528475.594,5F0,0295082608260630
1751528475.619,116,0000000000000000
1751528475.620,117,07EB0C091CBD1800
1751528475.631,118,3802FC017703
1751528475.641,119,0000F3FFACFF
1751528475.694,5F0,0295081C081C063C
1751528475.720,116,0000000000000000
1751528475.731,117,07EB0C091CBD1800
1751528475.731,118,2D025C01A904
1751528475.742,119,FCFFF2FFAFFF
1751528475.794,5F0,02960865086505B0
1751528475.829,116,0000000000000000
1751528475.839,117,07EB42091CCD1600
1751528475.840,118,6802E8007603
1751528475.850,119,FDFFFDFFB4FF
1751528475.879,5F6,0060015F015F0000
1751528475.890,5F7,000000000003FFD0
1751528475.890,5F2,03E8028902BC0749
1751528475.900,5F4,000003E803E803E8
1751528475.901,61B,53020000000000FE
1751528475.911,624,0000000000330000
1751528475.912,5F0,029608B108B10513
1751528475.922,5F3,0009009300640000
1751528475.922,5F5,00640000006403E8
1751528475.937,116,0000000000000000
1751528475.948,117,07EB42091CCD1600
1751528475.948,118,A2013702DC04
1751528475.959,119,FEFFFAFFBCFF
1751528476.995,5F0,029608E308E304E4
1751528476.029,116,0000000000000000
1751528476.030,117,07EB42091CCD1600
1751528476.040,118,100039022203
1751528476.051,119,FFFF0300C2FF
1751528476.095,5F0,0296090109010450
1751528476.132,116,0000000000000000
1751528476.143,117,07EB42091CCD1600
1751528476.143,118,CDFF0E011E04
1751528476.154,119,0100F9FFCEFF
1751528476.195,5F0,0296092509250537
1751528476.234,116,0000000000000000
1751528476.235,117,07EB42091CCD1600
1751528476.245,118,03008A002103
1751528476.256,119,03000100CFFF
1751528476.302,5F0,0296093F093F0436
1751528476.334,116,0000000000000000
1751528476.345,117,07EB42091CCD1600
1751528476.345,118,F0FE6C001404
1751528476.356,119,0000FBFFDEFF
1751528476.396,5F0,0296095409540548
1751528476.399,5F3,0006009200640000
1751528476.409,5F5,00640000006403E8
1751528476.445,116,0000000000000000
1751528476.456,117,07EB42091CCD1600
1751528476.456,118,000000000000
1751528476.467,119,000000000000
1751528476.496,5F0,0296096409640436
1751528476.534,116,0000000000000000
1751528476.535,117,07EB42091CCD1600
1751528476.546,118,ECFE1D009104
1751528476.556,119,FCFFFFFFF9FF
1751528476.596,5F0,0296096609660540
1751528476.634,116,0000000000000000
1751528476.645,117,07EB42091CCD1600
1751528476.645,118,E2FF00FDC603
1751528476.656,119,F6FF08001500
1751528476.696,5F0,0296097F097F0485
1751528476.736,116,0000000000000000
1751528476.736,117,07EB42091CCD1600
1751528476.747,118,45FF0FFD8404
1751528476.757,119,FBFF03003400
1751528476.804,5F0,0297098709870562
1751528476.838,116,0000000000000000
1751528476.849,117,07EB65091CFE1200
1751528476.849,118,800075FD2404
1751528476.860,119,F3FF0D004D00
1751528476.880,5F2,03E802D702BC0749
1751528476.880,5F4,000003E803E803E8
1751528476.890,5F6,0061016801680000
1751528476.901,5F7,0000000000000004
1751528476.901,61B,5302000000000000
1751528476.912,624,0000000000310000
1751528476.912,5F0,02970989098904F5
1751528476.923,5F3,0006009100640000
1751528476.923,5F5,00640000006403E8
1751528476.948,116,0000000000000000
1751528476.948,117,07EB65091CFE1200
1751528476.959,118,8600FEFDED03
1751528477.969,119,F7FF07005A00
1751528477.997,5F0,0297095709570569
1751528477.044,116,0000000000000000
1751528477.045,117,07EB65091CFE1200
1751528477.055,118,A80018FE6C03
1751528477.066,119,F7FF08005F00
1751528477.097,5F0,0297096A096A0542
1751528477.158,116,0000000000000000
1751528477.168,117,07EB65091CFE1200
1751528477.168,118,C7FF34FD6504
1751528477.179,119,F6FF09006300
1751528477.197,5F0,0297094F094F056F
1751528477.249,116,0000000000000000
1751528477.249,117,07EB65091CFE1200
1751528477.260,118,E9FFDCFDA603
1751528477.271,119,F4FF06006300
1751528477.298,5F0,02970916091605CE
1751528477.349,116,0000000000000000
1751528477.360,117,07EB65091CFE1200
1751528477.360,118,90003FFE5205
1751528477.371,119,F5FF10006C00
1751528477.398,5F0,0297090A090A0578
1751528477.401,5F3,0003009100640000
1751528477.412,5F5,00640000006403E8
1751528477.453,116,0000000000000000
1751528477.453,117,07EB65091CFE1200
1751528477.464,118,8300BCFE9704
1751528477.474,119,F7FF0E006A00
1751528477.498,5F0,029708FA08FA05D1
1751528477.549,116,0000000000000000
1751528477.550,117,07EB65091CFE1200
1751528477.561,118,70002EFED903
1751528477.571,119,F9FF0B006900
1751528477.598,5F0,029708FC08FC05A8
1751528477.649,116,0000000000000000
1751528477.660,117,07EB65091CFE1200
1751528477.660,118,2B0400015604
1751528477.671,119,0E00EDFF4A00
1751528477.698,5F0,02970903090304E0
1751528477.751,116,0000000000000000
1751528477.752,117,07EB65091CFE1200
1751528477.762,118,B5035600B003
1751528477.773,119,000007003700
1751528477.799,5F0,02980919091903EA
1751528477.854,116,0000000000000000
1751528477.855,117,07EB94091D0F1500
1751528477.865,118,DB0358009704
1751528477.876,119,F9FF01003000
1751528477.880,5F2,03E803A002BC074B
1751528477.890,5F4,000003E803E803E8
1751528477.891,5F6,0060016801680000
1751528477.901,5F7,0000000002C70000
1751528477.902,61B,540200000000000C
1751528477.912,624,0000000000310000
1751528477.912,5F0,0298091909190000
1751528477.923,5F3,0003008B00640000
1751528477.923,5F5,00640000006403E8
1751528477.957,116,0000000000000000
1751528477.968,117,07EB94091D0F1500
1751528477.968,118,090311FC5804
1751528478.979,119,E0FF09003E00
1751528478.004,5F0,0298091909190000
1751528478.060,116,0000000000000000
1751528478.071,117,07EB94091D0F1500
1751528478.071,118,D900B5014604
1751528478.082,119,FCFF0C002A00
1751528478.099,5F0,0298091909190096
1751528478.163,116,0000000000000000
1751528478.174,117,07EB94091D0F1500
1751528478.174,118,560047014D04
1751528478.185,119,0500FFFF2100
1751528478.199,5F0,02981A771A77030F
1751528478.264,116,0000000000000000
1751528478.275,117,07EB94091D0F1500
1751528478.275,118,3E00E2FF1D04
1751528478.286,119,FDFF00001900
1751528478.300,5F0,02981A771A7702A7
1751528478.371,116,0000000000000000
1751528478.381,117,07EB94091D0F1500
1751528478.382,118,9901CC007904
1751528478.392,119,FDFFFAFF1B00
1751528478.399,5F0,02980BCB0BCB0000
1751528478.410,5F3,0003008700640000
1751528478.410,5F5,00640000006403E8
1751528478.464,116,0000000000000000
1751528478.475,117,07EB94091D0F1500
1751528478.475,118,0C004EFFAA03
1751528478.486,119,FDFF08001300
1751528478.500,5F0,02980BCB0BCB0000
1751528478.564,116,0000000000000000
1751528478.575,117,07EB94091D0F1500
1751528478.575,118,1A007BFF7404
1751528478.586,119,0000FFFF0E00
1751528478.600,5F0,02980BCB0BCB0000
1751528478.664,116,0000000000000000
1751528478.665,117,07EB94091D0F1500
1751528478.676,118,320027001D04
1751528478.686,119,FFFFFFFF0B00
1751528478.700,5F0,02980BCB0BCB0000
1751528478.769,116,0000000000000000
1751528478.779,117,07EB94091D0F1500
1751528478.780,118,43004300EF03
1751528478.790,119,FEFF00000800
1751528478.804,5F0,02990BCB0BCB0000
1751528478.874,116,0000000000000000
1751528478.874,117,07EBAB091D090400
1751528478.885,118,430039001104
1751528478.896,119,FEFF00000600
1751528478.896,5F6,0063016801680000
1751528478.907,5F7,0000000000000000
1751528478.907,61B,55020000000000FD
1751528478.917,624,00000000001E0000
1751528478.918,5F2,03E803B902BC074B
1751528478.928,5F4,000003E803E803E8
1751528478.929,5F3,0003008700640000
1751528478.939,5F5,00640000006403E8
1751528478.950,5F0,02990BCB0BCB0000
1751528478.972,116,0000000000000000
1751528478.973,117,07EBAB091D090400
1751528479.983,118,3C004D001304
1751528479.994,119,000000000400
1751528479.000,5F0,02990BCB0BCB0000
1751528479.075,116,0000000000000000
1751528479.086,117,07EBAB091D090400
1751528479.086,118,4D004C001B04
1751528479.097,119,FFFF00000200
1751528479.109,5F0,0299000000000000
1751528479.178,116,0000000000000000
1751528479.179,117,07EBAB091D090400
1751528479.189,118,33004E000A04
1751528479.200,119,FFFF00000100
1751528479.201,5F0,0299000000000000
1751528479.279,116,0000000000000000
1751528479.280,117,07EBAB091D090400
1751528479.290,118,45005B001104
1751528479.301,119,000000000000
1751528479.301,5F0,0299000000000000
1751528479.379,116,0000000000000000
1751528479.390,117,07EBAB091D090400
1751528479.390,118,38004E000804
1751528479.401,119,FFFF0000FFFF
1751528479.401,5F3,0003007D00640000
1751528479.412,5F5,00640000006403E8
1751528479.412,5F0,0299000000000000
1751528479.479,116,0000000000000000
1751528479.480,117,07EBAB091D090400
1751528479.491,118,340043001704
1751528479.501,119,FFFF0000FDFF
1751528479.501,5F0,0299000000000117
1751528479.579,116,0000000000000000
1751528479.590,117,07EBAB091D090400
1751528479.590,118,0D003E000E04
1751528479.601,119,FFFF0000FCFF
1751528479.612,5F0,02991ADF1ADF0117
1751528479.679,116,0000000000000000
1751528479.680,117,07EBAB091D090400
1751528479.691,118,2D0054007804
1751528479.701,119,FFFFFFFFFCFF
1751528479.702,5F0,02990D0B0D0B0219
1751528479.782,116,0000000000000000
1751528479.793,117,07EBAE091D050000
1751528479.793,118,3700B900DD03
1751528479.804,119,FFFF0000FBFF
1751528479.804,5F0,029A0B190B190859
1751528479.880,61B,5502000000000000
1751528479.891,624,0000000000000000
1751528479.891,5F2,03E8033602BC074D
1751528479.902,5F4,000003E803E803E8
1751528479.905,5F6,006A015501550000
1751528479.915,5F7,0000FFFCFF8302D3
1751528479.916,116,0000000000000000
1751528479.926,117,07EBAE091D050000
1751528479.927,118,FAFF4C00BE03
1751528479.937,119,FFFF0000FBFF
1751528479.937,5F3,0003007500640000
1751528479.948,5F5,006D0000006403E8
1751528479.948,5F0,029A0B370B370BF3
1751528480.988,116,0000000000000000
1751528480.999,117,07EBAE091D050000
1751528480.999,118,EEFFC1FF7203
1751528480.010,119,FFFF0000FBFF
1751528480.010,5F0,029A09DF09DF1003
1751528480.091,116,0000000000000000
1751528480.102,117,07EBAE091D050000
1751528480.102,118,ABFFA7FF1D04
1751528480.113,119,FFFFFFFFFAFF
1751528480.113,5F0,029A088508851023
1751528480.194,116,0000000000000000
1751528480.204,117,07EBAE091D050000
1751528480.205,118,F4FE24008404
1751528480.215,119,FFFF0000F9FF
1751528480.216,5F0,029A07C507C50F59
1751528480.293,116,0000000000000000
1751528480.304,117,07EBAE091D050000
1751528480.304,118,5400DDFFA204
1751528480.315,119,FFFFFFFFFAFF
1751528480.315,5F0,029A16A516A50EED
1751528480.393,116,0000000000000000
1751528480.404,117,07EBAE091D050000
1751528480.404,118,2900DCFF7804
1751528480.415,119,FEFFFFFFFAFF
1751528480.415,5F3,0349007E00640000
1751528480.426,5F5,006D0013006403E8
1751528480.426,5F0,029A15EA15EA146C
1751528480.493,116,0000000000000000
1751528480.504,117,07EBAE091D050000
1751528480.504,118,1EFF9AFF0305
1751528480.515,119,FFFF0000FAFF
1751528480.515,5F0,029A1058105818F6
1751528480.593,116,0000000000000000
1751528480.594,117,07EBAE091D050000
1751528480.605,118,90FDF0FE8306
1751528480.615,119,FDFF0000F9FF
1751528480.615,5F0,029A0CAB0CAB1D15
1751528480.694,116,0000000000000000
1751528480.694,117,07EBAE091D050000
1751528480.705,118,68021E00B103
1751528480.715,119,FDFFFEFFF9FF
1751528480.715,5F0,029A0C860C861D8E
1751528480.796,116,0000000000000000
1751528480.797,117,07EBAE091D070000
1751528480.807,118,C902F1012904
1751528480.818,119,01000000FAFF
1751528480.818,5F0,029B10BF10BF21A9
1751528480.881,61B,5502000000000001
1751528480.881,624,0000000000910000
1751528480.892,5F2,03E8034A02BC0759
1751528480.902,5F4,000003E803E803E8
1751528480.902,5F6,006A028802880000
1751528480.913,5F7,000000B80028021A
1751528480.913,116,0000000000000000
1751528480.924,117,07EBAE091D070000
1751528480.924,118,6D04E701F303
1751528480.935,119,FFFFFFFFFBFF
1751528480.937,5F3,0374008400640000
1751528480.948,5F5,006C0000006403E8
1751528480.948,5F0,029B11791179205C
1751528481.002,116,0000000000000000
1751528481.003,117,07EBAE091D070000
1751528481.013,118,57003800E001
1751528481.024,119,FEFF0300F7FF
1751528481.024,5F0,029B117011701E57
1751528481.105,116,0000000000000000
1751528481.106,117,07EBAE091D070000
1751528481.116,118,AEFC2500ED03
1751528481.127,119,FBFF06000100
1751528481.127,5F0,029B0FD70FD717C4
1751528481.207,5F0,029B0EA50EA511E2
1751528481.208,116,0000000000000000
1751528481.218,117,07EBAE091D070000
1751528481.229,118,FDFD3BFFA105
1751528481.229,119,FDFFFFFF0F00
1751528481.308,118,A7FE68FFEC04
1751528481.318,119,FEFF00001500
1751528481.319,5F0,029B0E860E860B23
1751528481.401,5F3,0308008500640000
1751528481.401,5F5,006C0000006403E8
1751528481.407,116,0000000000000000
1751528481.418,117,07EBAE091D070000
1751528481.429,118,82FE34FFDE03
1751528481.429,5F0,029B0EB40EB4072B
1751528481.507,116,0000000000000000
1751528481.518,117,07EBAE091D070000
1751528481.518,118,FEFF1800A303
1751528481.529,119,FBFFFCFF2200
1751528481.529,5F0,029B0E720E72059C
1751528481.607,116,0000000000000000
1751528481.608,117,07EBAE091D070000
1751528481.619,118,91004F004704
1751528481.629,5F0,029B0A820A820835
1751528481.708,116,0000000000000000
1751528481.708,117,07EBAE091D070000
1751528481.719,118,6D00D2FFC904
1751528481.730,5F0,029B0B220B2209B8
1751528481.809,5F0,029C0A940A940CA7
1751528481.812,116,0000000000000000
1751528481.822,117,07EBB5091CFC0600
1751528481.823,118,7F00D9FFCC03
1751528481.834,119,FDFF02001900
1751528481.881,61B,5502000000000000
1751528481.881,624,0000000001000000
1751528481.891,5F2,03E8028B02BC075B
1751528481.902,5F4,000003E803E803E8
1751528481.902,5F6,0067017201720000
1751528481.913,5F7,0000FFAFFF7602A6
1751528481.913,5F3,0014008600640000
1751528481.924,5F5,006C0000006403E8
1751528481.924,5F0,029C09640964100D
1751528481.934,116,0000000000000000
1751528481.937,117,07EBB5091CFC0600
1751528481.948,118,8F009300C303
1751528481.948,119,FDFF02001700
1751528482.010,5F0,029C0796079612F3
1751528482.017,116,0000000000000000
1751528482.028,117,07EBB5091CFC0600
1751528482.028,118,D0FF34FF2E04
1751528482.039,119,FEFF01001300
1751528482.110,5F0,029C069206921341
1751528482.120,116,0000000000000000
1751528482.131,117,07EBB5091CFC0600
1751528482.131,118,38015100F504
1751528482.142,119,FDFF00001100
1751528482.210,5F0,029C061E061E131E
1751528482.223,116,0000000000000000
1751528482.234,117,07EBB5091CFC0600
1751528482.234,118,8B00D100A804
1751528482.245,119,FEFF00000E00
1751528482.310,5F0,029C060D060D1266
1751528482.322,116,0000000000000000
1751528482.333,117,07EBB5091CFC0600
1751528482.333,118,F00091005904
1751528482.344,119,FDFF00000B00
1751528482.401,5F3,0004008700640000
1751528482.412,5F5,006B0000006403E8
1751528482.412,5F0,029C05E405E411BA
1751528482.422,116,0000000000000000
1751528482.433,117,07EBB5091CFC0600
1751528482.433,118,2F00C4006B03
1751528482.444,119,000000000800
1751528482.511,5F0,029C05DB05DB1107
1751528482.522,116,0000000000000000
1751528482.523,117,07EBB5091CFC0600
1751528482.534,118,28017C002404
1751528482.544,119,FFFFFFFF0400
1751528482.611,5F0,029C05E105E11089
1751528482.622,116,0000000000000000
1751528482.633,117,07EBB5091CFC0600
1751528482.633,118,480017004103
1751528482.644,119,FEFF00000100
1751528482.711,5F0,029C05E405E4102E
1751528482.723,116,0000000000000000
1751528482.734,117,07EBB5091CFC0600
1751528482.734,118,7F004D004903
1751528482.745,119,FFFF0000FEFF
1751528482.811,5F0,029D05E605E60FF1
1751528482.826,116,0000000000000000
1751528482.827,117,07EBB9091CF20200
1751528482.837,118,910024006804
1751528482.848,119,FEFF0100FCFF
1751528482.881,61B,5502000000000000
1751528482.891,624,0000000000D30000
1751528482.891,5F2,03E800E502BC0756
1751528482.902,5F4,000003E803E803E8
1751528482.902,5F6,0062016801680000
1751528482.913,5F7,0000FFFF0000FFBB
1751528482.913,5F3,0003008700640000
1751528482.924,5F5,006B0000006403E8
1751528482.924,5F0,029D05E805E80FE1
1751528482.937,116,0000000000000000
1751528482.937,117,07EBB9091CF20200
1751528482.948,118,17000F002304
1751528482.958,119,FFFF0000FBFF
1751528483.012,5F0,029D05E805E80FCF
1751528483.038,116,0000000000000000
1751528483.049,117,07EBB9091CF20200
1751528483.049,118,0700AF002B04
1751528483.060,119,FFFFFFFFFAFF
1751528483.112,5F0,029D05E905E90FAC
1751528483.135,116,0000000000000000
1751528483.146,117,07EBB9091CF20200
1751528483.146,118,CFFFC5001804
1751528483.157,119,FFFFFFFFFAFF
1751528483.213,5F0,029D05E105E10F82
1751528483.237,116,0000000000000000
1751528483.248,117,07EBB9091CF20200
1751528483.248,118,00003E007F03
1751528483.259,119,FEFF0000F9FF
1751528483.313,5F0,029D05E305E30F61
1751528483.337,116,0000000000000000
1751528483.338,117,07EBB9091CF20200
1751528483.349,118,0A007D00B203
1751528483.359,119,FFFF0000F9FF
1751528483.405,5F3,0003008800640000
1751528483.416,5F5,006B0000006403E8
1751528483.416,5F0,029D05E905E90F4E
1751528483.437,116,0000000000000000
1751528483.448,117,07EBB9091CF20200
1751528483.448,118,9AFF45009703
1751528483.459,119,FFFF0000F9FF
1751528483.513,5F0,029D05ED05ED0F3A
1751528483.537,116,0000000000000000
1751528483.548,117,07EBB9091CF20200
1751528483.548,118,5DFF5C00E803
1751528483.559,119,FFFFFFFFF9FF
1751528483.614,5F0,029D05EE05EE0F32
1751528483.637,116,0000000000000000
1751528483.638,117,07EBB9091CF20200
1751528483.649,118,0F0041007E03
1751528483.659,119,FFFFFFFFF9FF
1751528483.714,5F0,029D05F205F20F37
1751528483.739,116,0000000000000000
1751528483.749,117,07EBB9091CF20200
1751528483.750,118,090079009503
1751528483.760,119,FFFFFFFFF9FF
1751528483.814,5F0,029E05EE05EE0F2B
1751528483.845,116,0000000000000000
1751528483.856,117,07EBB9091CF20000
1751528483.856,118,0700D6001C04
1751528483.867,119,FFFF0000F9FF
1751528483.881,61B,5502000000000001
1751528483.891,624,0000000000A30000
1751528483.891,5F2,03E800EB02BC0756
1751528483.902,5F4,000003E803E803E8
1751528483.902,5F6,0061016E016E0000
1751528483.913,5F7,000000000000FFFD
1751528483.913,5F3,0003008800640000
1751528483.924,5F5,006A0000006403E8
1751528483.924,5F0,029E05EE05EE0F29
1751528483.944,116,0000000000000000
1751528483.955,117,07EBB9091CF20000
1751528483.955,118,4DFFE6002404
1751528483.966,119,FFFFFFFFF9FF
1751528484.015,5F0,029E05EF05EF0F16
1751528484.047,116,0000000000000000
1751528484.058,117,07EBB9091CF20000
1751528484.058,118,380002005B04
1751528484.069,119,FFFF0000F9FF
1751528484.115,5F0,029E05EA05EA0F21
1751528484.150,116,0000000000000000
1751528484.151,117,07EBB9091CF20000
1751528484.161,118,DEFE1B00EA03
1751528484.172,119,FFFFFFFFF9FF
1751528484.219,5F0,029E0E2B0E2B0F20
1751528484.252,116,0000000000000000
1751528484.262,117,07EBB9091CF20000
1751528484.262,118,6E007100E403
1751528484.273,119,FFFFFFFFFAFF
1751528484.315,5F0,029E0E4A0E4A0DBB
1751528484.356,116,0000000000000000
1751528484.356,117,07EBB9091CF20000
1751528484.367,118,8C000001DC03
1751528484.377,119,FFFF0000FAFF
1751528484.402,5F3,000E008900640000
1751528484.413,5F5,006A0000006403E8
1751528484.416,5F0,029E063106310BF0
1751528484.451,116,0000000000000000
1751528484.452,117,07EBB9091CF20000
1751528484.463,118,D5FF24006A04
1751528484.473,119,FFFF0000FAFF
1751528484.516,5F0,029E065A065A0C7C
1751528484.551,116,0000000000000000
1751528484.562,117,07EBB9091CF20000
1751528484.562,118,78FF2B00E803
1751528484.573,119,FFFFFFFFFAFF
1751528484.616,5F0,029E067006700D31
1751528484.651,116,0000000000000000
1751528484.652,117,07EBB9091CF20000
1751528484.663,118,C4008800CE03
1751528484.673,119,FFFFFFFFFBFF
1751528484.720,5F0,029E067B067B0E0A
1751528484.753,116,0000000000000000
1751528484.764,117,07EBB9091CF20000
1751528484.764,118,4600FDFFDD03
1751528484.775,119,FEFFFFFFFBFF
1751528484.817,5F0,029F067806780EFA
1751528484.860,116,0000000000000000
1751528484.860,117,07EBB8091CF40000
1751528484.871,118,BDFF9B00D503
1751528484.881,119,00000000FCFF
1751528484.882,61B,55020000000000FE
1751528484.892,624,00000000008C0000
1751528484.892,5F2,03E8012A02BC0756
1751528484.903,5F4,000003E803E803E8
1751528484.903,5F6,0061016C016C0000
1751528484.914,5F7,0000FFE4FFF500CE
1751528484.914,5F3,0009008A00640000
1751528484.925,5F5,006A0000006403E8
1751528484.935,5F0,029F065606560F8E
1751528484.959,116,0000000000000000
1751528484.960,117,07EBB8091CF40000
1751528484.970,118,16005B001905
1751528484.981,119,FFFF0000FCFF
1751528485.017,5F0,029F0E0C0E0C0FD5
1751528485.062,116,0000000000000000
1751528485.073,117,07EBB8091CF40000
1751528485.073,118,40FFA700D803
1751528485.084,119,FFFFFFFFFCFF
1751528485.117,5F0,029F0E830E830E84
1751528485.165,116,0000000000000000
1751528485.166,117,07EBB8091CF40000
1751528485.176,118,3BFF2FFFE604
1751528485.187,119,FEFFFFFFFCFF
1751528485.218,5F0,029F065906590CE5
1751528485.266,116,0000000000000000
1751528485.267,117,07EBB8091CF40000
1751528485.277,118,61FFEBFF5703
1751528485.288,119,FFFF0000FCFF
1751528485.318,5F0,029F067006700D31
1751528485.371,116,0000000000000000
1751528485.381,117,07EBB8091CF40000
1751528485.382,118,BBFF9400B903
1751528485.392,119,00000000FDFF
1751528485.403,5F3,001B008B00640000
1751528485.413,5F5,006A0015006403E8
1751528485.418,5F0,029F0EB90EB90E0E
1751528485.466,116,0000000000000000
1751528485.467,117,07EBB8091CF40000
1751528485.478,118,2D007300FA04
1751528485.488,119,FEFFFFFFFDFF
1751528485.519,5F0,029F0ECE0ECE0D33
1751528485.566,116,0000000000000000
1751528485.577,117,07EBB8091CF40000
1751528485.577,118,38FF1E007104
1751528485.588,119,FFFF0000FDFF
1751528485.619,5F0,029F0EEE0EEE0BBB
1751528485.666,116,0000000000000000
1751528485.667,117,07EBB8091CF40000
1751528485.678,118,AFFFC2FF3A04
1751528485.688,119,FFFF0000FDFF
1751528485.719,5F0,029F0F550F550ADC
1751528485.769,116,0000000000000000
1751528485.769,117,07EBB8091CF50000
1751528485.780,118,DBFF0D00C503
1751528485.790,119,FFFF0000FEFF
1751528485.819,5F0,02A00F060F060AF6
1751528485.875,116,0000000000000000
1751528485.885,117,07EBB8091CF50000
1751528485.886,118,C7FF35006703
1751528485.896,119,00000000FDFF
1751528485.897,61B,5502000000000000
1751528485.907,624,0000000000820000
1751528485.907,5F2,03E801F102BC0759
1751528485.918,5F4,000003E803E803E8
1751528485.918,5F6,0063016201620000
1751528485.929,5F7,000000F8002EFFC1
1751528485.929,5F3,008D008C00640000
1751528485.940,5F5,0069000B006403E8
1751528485.950,5F0,02A00BE70BE70CD8
1751528485.974,116,0000000000000000
1751528485.975,117,07EBB8091CF50000
1751528486.985,118,74FF7E006604
1751528486.996,119,FFFF0000FDFF
1751528486.020,5F0,02A011841184107A
1751528486.077,116,0000000000000000
1751528486.078,117,07EBB8091CF50000
1751528486.088,118,E3FFA4FF9E04
1751528486.099,119,FFFFFFFFFDFF
1751528486.120,5F0,02A00FD00FD012CB
1751528486.183,116,0000000000000000
1751528486.193,117,07EBB8091CF50000
1751528486.194,118,9FFE7FFFFA03
1751528486.204,119,00000000FEFF
1751528486.221,5F0,02A009B809B81234
1751528486.283,116,0000000000000000
1751528486.293,117,07EBB8091CF50000
1751528486.294,118,BAFDC2FFBE03
1751528486.304,119,FCFF06000000
1751528486.321,5F0,02A0087808780D48
1751528486.386,116,0000000000000000
1751528486.386,117,07EBB8091CF50000
1751528486.397,118,CFFDB0FFFF03
1751528486.407,119,FEFF00000700
1751528486.408,5F3,0038008E00640000
1751528486.418,5F5,00690000006403E8
1751528486.421,5F0,02A007E307E3088E
1751528486.480,116,0000000000000000
1751528486.481,117,07EBB8091CF50000
1751528486.492,118,000085FF3A04
1751528486.502,119,0000FEFF0D00
1751528486.526,5F0,02A00F7A0F7A06AD
1751528486.580,116,0000000000000000
1751528486.591,117,07EBB8091CF50000
1751528486.591,118,74007300CC03
1751528486.602,119,0000FFFF0A00
1751528486.622,5F0,02A01053105309D5
1751528486.680,116,0000000000000000
1751528486.681,117,07EBB8091CF50000
1751528486.692,118,6000CD001004
1751528486.702,119,FFFF00000900
1751528486.722,5F0,02A0089308930DC4
1751528486.785,116,0000000000000000
1751528486.795,117,07EBBA091CEF0200
1751528486.796,118,37FFF6FF2004
1751528486.806,119,FFFF00000700
1751528486.822,5F0,02A107BB07BB10FC
1751528486.881,61B,5502000000000000
1751528486.892,624,00000000009D0000
1751528486.892,5F2,03E801A602BC0756
1751528486.903,5F4,000003E803E803E8
1751528486.903,5F6,0062015701570000
1751528486.914,5F7,0000FFCCFF9202EE
1751528486.914,116,0000000000000000
1751528486.924,117,07EBBA091CEF0200
1751528486.925,118,E7FFBE002404
1751528486.935,119,FFFF00000500
1751528486.936,5F3,000C008F00640000
1751528486.946,5F5,00690000006403E8
1751528486.957,5F0,02A106D106D11293
1751528487.989,116,0000000000000000
1751528487.990,117,07EBBA091CEF0200
1751528487.000,118,46012F002605
1751528487.011,119,FDFFFFFF0200
1751528487.023,5F0,02A1063C063C122D
1751528487.092,116,0000000000000000
1751528487.103,117,07EBBA091CEF0200
1751528487.103,118,B7FF5F009003
1751528487.114,119,FFFF00000000
1751528487.123,5F0,02A105F005F0118E
1751528487.195,116,0000000000000000
1751528487.206,117,07EBBA091CEF0200
1751528487.206,118,1F005A00FC03
1751528487.217,119,FEFF00000000
1751528487.228,5F0,02A105C605C61104
1751528487.298,116,0000000000000000
1751528487.298,117,07EBBA091CEF0200
1751528487.309,118,81FF3A009103
1751528487.319,119,00000000FEFF
1751528487.324,5F0,02A105AD05AD10A7
1751528487.395,116,0000000000000000
1751528487.406,117,07EBBA091CEF0200
1751528487.406,118,A1FF5D00FD03
1751528487.417,119,00000000FDFF
1751528487.417,5F3,0004009100640000
1751528487.428,5F5,00680000006403E8
1751528487.428,5F0,02A105AD05AD106F
1751528487.495,116,0000000000000000
1751528487.506,117,07EBBA091CEF0200
1751528487.506,118,C6FF4700C703
1751528487.517,119,FFFF0000FBFF
1751528487.524,5F0,02A105AB05AB1050
1751528487.595,116,0000000000000000
1751528487.596,117,07EBBA091CEF0200
1751528487.607,118,B2FF1F00BF03
1751528487.617,119,FFFF0000FBFF
1751528487.625,5F0,02A105A805A8102E
1751528487.696,116,0000000000000000
1751528487.706,117,07EBBA091CEF0200
1751528487.707,118,7EFF2B004403
1751528487.717,119,00000000FBFF
1751528487.725,5F0,02A105AE05AE1018
1751528487.798,116,0000000000000000
1751528487.809,117,07EBBB091CED0000
1751528487.809,118,310043002404
1751528487.820,119,FEFFFFFFFAFF
1751528487.825,5F0,02A205AE05AE1017
1751528487.882,61B,5502000000000000
1751528487.882,624,00000000008C0000
1751528487.893,5F2,03E800F102BC0750
1751528487.903,5F4,000003E803E803E8
1751528487.904,5F6,005F016601660000
1751528487.914,5F7,0000FFFE0000FFFB
1751528487.914,116,0000000000000000
1751528487.925,117,07EBBB091CED0000
1751528487.928,118,88004A003805
1751528487.939,119,FEFF0000F9FF
1751528487.939,5F3,0003009000640000
1751528487.949,5F5,00680000006403E8
1751528487.950,5F0,02A205AE05AE1025
1751528488.004,116,0000000000000000
1751528488.015,117,07EBBB091CED0000
1751528488.015,118,BCFF2F004503
1751528488.026,119,0000FFFFF9FF
1751528488.026,5F0,02A205AE05AE101A
1751528488.107,116,0000000000000000
1751528488.118,117,07EBBB091CED0000
1751528488.118,118,9A0088006704
1751528488.129,119,FFFF0000FAFF
1751528488.129,5F0,02A205A905A9101B
1751528488.210,116,0000000000000000
1751528488.220,117,07EBBB091CED0000
1751528488.221,118,E1FFCCFF0805
1751528488.231,119,FEFF0000F9FF
1751528488.231,5F0,02A205A905A91003
1751528488.309,116,0000000000000000
1751528488.320,117,07EBBB091CED0000
1751528488.320,118,2FFF5E004904
1751528488.331,119,0000FFFFF9FF
1751528488.331,5F0,02A205AB05AB0FE9
1751528488.404,5F3,0002009000640000
1751528488.404,5F5,00680000006403E8
1751528488.420,116,0000000000000000
1751528488.420,117,07EBBB091CED0000
1751528488.431,118,6AFF90002404
1751528488.431,119,00000000F9FF
1751528488.441,5F0,02A205AC05AC0FCE
1751528488.509,116,0000000000000000
1751528488.520,117,07EBBB091CED0000
1751528488.520,118,E4FF7B00E003
1751528488.531,119,FFFFFFFFF9FF
1751528488.531,5F0,02A205AD05AD0FBD
1751528488.609,116,0000000000000000
1751528488.620,117,07EBBB091CED0000
1751528488.620,118,4500CEFF5904
1751528488.631,119,FEFFFFFFFBFF
1751528488.631,5F0,02A205A805A80FB1
1751528488.710,116,0000000000000000
1751528488.710,117,07EBBB091CED0000
1751528488.721,118,73FF83007B03
1751528488.732,119,FFFF0000FEFF
1751528488.732,5F0,02A205A805A80FA2
1751528488.813,116,0000000000000000
1751528488.824,117,07EBBA091CF00000
1751528488.824,118,DCFF9900CE03
1751528488.835,119,00000000FEFF
1751528488.835,5F0,02A305AA05AA0F7C
1751528488.888,61B,5502000000000001
1751528488.888,624,0000000000720000
1751528488.899,5F6,005E016C016C0000
1751528488.909,5F7,0000FFF40000FFE6
1751528488.910,5F2,03E800EF02BC074C
1751528488.920,5F4,000003E803E803E8
1751528488.921,5F3,0002009000640000
1751528488.931,5F5,00670000006403E8
1751528488.931,116,0000000000000000
1751528488.942,117,07EBBA091CF00000
1751528488.942,118,5DFF0E002E04
1751528488.953,119,FFFF0000FEFF
1751528488.963,5F0,02A305AD05AD0F59
1751528489.019,116,0000000000000000
1751528489.030,117,07EBBA091CF00000
1751528489.030,118,DEFF3200D903
1751528489.041,119,FFFF0000FDFF
1751528489.041,5F0,02A305AD05AD0F53
1751528489.122,116,0000000000000000
1751528489.133,117,07EBBA091CF00000
1751528489.133,118,D2FF2A00C603
1751528489.144,119,FEFF0000FEFF
1751528489.144,5F0,02A305AD05AD0F43
1751528489.225,116,0000000000000000
1751528489.225,117,07EBBA091CF00000
1751528489.236,118,C8FF53002C03
1751528489.246,119,FFFF0000FDFF
1751528489.247,5F0,02A305AD05AD0F40
1751528489.324,116,0000000000000000
1751528489.335,117,07EBBA091CF00000
1751528489.335,118,D000A0008304
1751528489.346,119,FFFF0000FEFF
1751528489.346,5F0,02A305AF05AF0F15
1751528489.405,5F3,0002009000640000
1751528489.405,5F5,00670000006403E8
1751528489.424,116,0000000000000000
1751528489.435,117,07EBBA091CF00000
1751528489.435,118,EFFFE600F703
1751528489.446,119,FFFF0000FDFF
1751528489.446,5F0,02A305AE05AE0F2B
1751528489.524,116,0000000000000000
1751528489.535,117,07EBBA091CF00000
1751528489.535,118,610032009A04
1751528489.546,119,FFFF0000FEFF
1751528489.546,5F0,02A305AE05AE0F35
1751528489.624,116,0000000000000000
1751528489.635,117,07EBBA091CF00000
1751528489.635,118,09FF45003104
1751528489.646,119,FFFF0000FDFF
1751528489.646,5F0,02A305A805A80F2B
1751528489.725,116,0000000000000000
1751528489.736,117,07EBBA091CF00000
1751528489.736,118,46FFAAFF3704
1751528489.747,119,FEFF0000FDFF
1751528489.747,5F0,02A305A805A80F19
1751528489.828,116,0000000000000000
1751528489.839,117,07EBB9091CF10000
1751528489.839,118,6EFFB8FF4D03
1751528489.850,119,FEFF0000FDFF
1751528489.850,5F0,02A405A905A90F10
1751528489.882,61B,5502000000000000
1751528489.882,624,00000000005F0000
1751528489.893,5F6,005E016F016F0000
1751528489.904,5F7,0000FFFE0000FFF8
1751528489.904,5F2,03E800EF02BC074B
1751528489.914,5F4,000003E803E803E8
1751528489.915,5F3,0002009100640000
1751528489.925,5F5,00670000006403E8
1751528489.939,5F0,02A405A905A90EFF
1751528489.939,116,0000000000000000
1751528489.950,117,07EBB9091CF10000
1751528489.960,118,25FFDFFFE103
1751528489.961,119,FFFF0000FDFF
1751528490.031,5F0,02A405A905A90F01
1751528490.034,116,0000000000000000
1751528490.045,117,07EBB9091CF10000
1751528490.045,118,FFFFD3FFC703
1751528490.056,119,FFFF0000FDFF
1751528490.131,5F0,02A405A505A50F1A
1751528490.137,116,0000000000000000
1751528490.148,117,07EBB9091CF10000
1751528490.148,118,CCFE2B007503
1751528490.159,119,FFFF0000FDFF
1751528490.231,5F0,02A405A305A30F26
1751528490.239,116,0000000000000000
1751528490.249,117,07EBB9091CF10000
1751528490.250,118,28002400ED03
1751528490.260,119,FFFF0000FDFF
1751528490.331,5F0,02A405A505A50F02
1751528490.338,116,0000000000000000
1751528490.349,117,07EBB9091CF10000
1751528490.349,118,2700B600EA03
1751528490.360,119,FFFF0000FDFF
1751528490.405,5F3,0001009100640000
1751528490.416,5F5,00660000006403E8
1751528490.432,5F0,02A405A505A50F0B
1751528490.438,116,0000000000000000
1751528490.449,117,07EBB9091CF10000
1751528490.449,118,B9007B009C04
1751528490.460,119,FFFF0000FDFF
1751528490.532,5F0,02A405A505A50EFF
1751528490.538,116,0000000000000000
1751528490.549,117,07EBB9091CF10000
1751528490.549,118,3C0062009903
1751528490.560,119,FFFF0000FDFF
1751528490.632,5F0,02A405A505A50EFD
1751528490.638,116,0000000000000000
1751528490.649,117,07EBB9091CF10000
1751528490.649,118,F8FF5900FB03
1751528490.660,119,FFFF0000FDFF
1751528490.732,5F0,02A505A505A50F0E
1751528490.747,116,0000000000000000
1751528490.758,117,07EBB9091CF10000
1751528490.758,118,42003800F403
1751528490.769,119,FFFF0000FDFF
1751528490.832,5F0,02A505A505A50F04
1751528490.842,116,0000000000000000
1751528490.853,117,07EBB8091CF20000
1751528490.853,118,36009300DF03
1751528490.864,119,FFFF0000FDFF
1751528490.887,61B,5502000000000001
1751528490.898,624,0000000000510000
1751528490.898,5F2,03E800EF02BC0746
1751528490.909,5F4,000003E803E803E8
1751528490.909,5F6,005D016F016F0000
1751528490.920,5F7,0000000000000000
1751528490.920,5F3,0001009000640000
1751528490.930,5F5,00660000006403E8
1751528490.933,5F0,02A505AB05AB0F03
1751528490.945,116,0000000000000000
1751528490.956,117,07EBB8091CF20000
1751528490.956,118,A60067007A04
1751528490.967,119,FFFF0000FDFF
1751528491.033,5F0,02A505AB05AB0EFF
1751528491.048,116,0000000000000000
1751528491.049,117,07EBB8091CF20000
1751528491.059,118,550072005D03
1751528491.070,119,FFFF0000FDFF
1751528491.133,5F0,02A505AB05AB0EFB
1751528491.151,116,0000000000000000
1751528491.162,117,07EBB8091CF20000
1751528491.162,118,DFFF3A001604
1751528491.173,119,FFFFFFFFFDFF
1751528491.233,5F0,02A505AC05AC0EEB
1751528491.254,116,0000000000000000
1751528491.265,117,07EBB8091CF20000
1751528491.265,118,5500F2FF1204
1751528491.276,119,FFFF0000FDFF
1751528491.334,5F0,02A505AC05AC0EF3
1751528491.352,116,0000000000000000
1751528491.363,117,07EBB8091CF20000
1751528491.363,118,38FF37009403
1751528491.374,119,FFFF0000FDFF
1751528491.406,5F3,0001008F00640000
1751528491.416,5F5,00660000006403E8
1751528491.434,5F0,02A505B205B20EF9
1751528491.452,116,0000000000000000
1751528491.463,117,07EBB8091CF20000
1751528491.463,118,98FFDBFFD103
1751528491.474,119,FFFF0000FDFF
1751528491.534,5F0,02A505AF05AF0F1F
1751528491.552,116,0000000000000000
1751528491.553,117,07EBB8091CF20000
1751528491.564,118,9DFFB0FF2403
1751528491.574,119,FFFF0000FDFF
1751528491.635,5F0,02A505A905A90F28
1751528491.652,116,0000000000000000