1762329658.066,5F0,000B000000000000
1762329658.125,119,000000000000
1762329658.225,119,000000000000
1762329658.267,5F0,000B000000000000
1762329659.367,5F0,000B000000000000
1762329659.467,5F0,000B000000000000
1762329659.526,119,000000000000
1762329659.626,119,000000000000
1762329659.667,5F0,000B000000000000
1762329659.767,5F0,000C000000000000
1762329659.867,5F0,000C000000000000
1762329659.929,115,0000000000000000
1762329659.068,5F0,000C000000000000
1762329659.968,5F0,000C000000000000
1762329659.168,5F0,000C000000000000
1762329659.269,5F0,000C000000000000
1762329660.333,119,000000000000
1762329660.369,5F0,000C000000000000
1762329660.469,5F0,000C000000000000
1762329660.569,5F0,000C000000000000
1762329660.735,5F5,00640000006403E8
1762329660.649,115,0000000000000000
1762329660.770,5F0,000D000000000000
1762329660.874,5F0,000D000000000000
1762329660.970,5F0,000D000000000000
1762329660.140,119,000000000000
1762329660.038,119,000000000000
1762329660.271,5F0,000D000000000000
1762329660.189,115,0000000000000000
1762329661.371,5F0,000D000000000000
1762329661.439,119,000000000000
1762329661.541,119,000000000000
1762329661.578,5F0,000D000000000000
1762329661.671,5F0,000D000000000000
1762329661.841,119,000000000000
1762329661.771,5F0,000E000000000000
1762329661.942,119,000000000000
1762329661.972,5F0,000E000000000000
1762329661.089,115,0000000000000000
1762329661.172,5F0,000E000000000000
1762329661.246,119,000000000000
1762329662.345,119,000000000000
1762329662.373,5F0,000E000000000000
1762329662.473,5F0,000E000000000000
1762329662.573,5F0,000E000000000000
1762329662.645,119,000000000000
1762329662.809,115,0000000000000000
1762329662.745,119,000000000000
1762329662.873,5F0,000F000000000000
1762329662.974,5F0,000F000000000000
1762329662.050,119,000000000000
1762329662.074,5F0,000F000000000000
1762329662.174,5F0,000F000000000000
1762329662.274,5F0,000F000000000000
1762329663.384,119,000000000000
1762329663.384,119,000000000000
1762329663.529,115,0000000000000000
1762329663.583,119,000000000000
1762329663.683,119,000000000000
1762329663.783,119,000000000000
1762329663.783,119,000000000000
1762329663.987,119,000000000000
1762329663.889,115,0000000000000000
1762329663.089,119,000000000000
1762329663.176,5F0,0010000000000000
1762329663.249,115,0000000000000000
1762329663.290,119,000000000000
1762329664.390,119,000000000000
1762329664.490,119,000000000000
1762329664.577,5F0,0010000000000000
1762329664.609,115,0000000000000000
1762329664.736,5F5,00640000006403E8
1762329664.798,119,000000000000
1762329664.978,5F0,0011000000000000
1762329664.990,119,000000000000
1762329664.890,119,000000000000
1762329664.093,119,000000000000
1762329664.195,119,000000000000
1762329664.297,119,000000000000
1762329665.397,119,000000000000
1762329665.380,5F0,0011000000000000
1762329665.509,115,0000000000000000
1762329665.596,119,000000000000
1762329665.696,119,000000000000
1762329665.779,5F0,0012000000000000
1762329665.796,119,000000000000
1762329665.898,119,000000000000
1762329665.000,119,000000000000
1762329665.180,5F0,0012000000000000
1762329665.102,119,000000000000
1762329665.302,119,000000000000
1762329666.502,119,000000000000
1762329666.409,115,0000000000000000
1762329666.581,5F0,0012000000000000
1762329666.602,119,000000000000
1762329666.737,5F5,00640000006403E8
1762329666.802,119,000000000000
1762329666.904,119,000000000000
1762329666.982,5F0,0013000000000000
1762329666.006,119,000000000000
1762329666.209,119,000000000000
1762329666.129,115,0000000000000000
1762329666.308,119,000000000000
1762329667.383,5F0,0013000000000000
1762329667.408,119,000000000000
1762329667.608,119,000000000000
1762329667.508,119,000000000000
1762329667.708,119,000000000000
1762329667.783,5F0,0014000000000000
1762329667.849,115,0000000000000000
1762329667.910,119,000000000000
1762329667.015,119,000000000000
1762329667.085,5F0,0014000000000000
1762329667.184,5F0,0014000000000000
1762329668.314,119,000000000000
1762329668.389,115,0000000000000000
1762329667.238,5F5,00640000006403E8
1762329668.485,5F0,0014000000000000
1762329668.585,5F0,0014000000000000
1762329668.746,119,000000000000
1762329668.646,119,000000000000
1762329668.786,5F0,0015000000000000
1762329668.886,5F0,0015000000000000
1762329668.986,5F0,0015000000000000
1762329668.051,119,000000000000
1762329668.109,115,0000000000000000
1762329668.186,5F0,0015000000000000
1762329668.289,115,0000000000000000
1762329669.387,5F0,0015000000000000
1762329669.452,119,000000000000
1762329669.487,5F0,0015000000000000
1762329669.587,5F0,0015000000000000
1762329669.787,5F0,0016000000000000
1762329669.687,5F0,0015000000000000
1762329669.853,119,000000000000
1762329669.887,5F0,0016000000000000
1762329669.009,115,0000000000000000
1762329669.088,5F0,0016000000000000
1762329669.188,5F0,0016000000000000
1762329669.259,119,000000000000
1762329669.288,5F0,0016000000000000
1762329670.388,5F0,0016000000000000
1762329670.489,5F0,0016000000000000
1762329670.558,119,000000000000
1762329670.661,119,000000000000
1762329670.738,5F5,00640000006403E8
1762329670.789,5F0,0017000000000000
1762329670.890,5F0,0017000000000000
1762329670.961,119,000000000000
1762329670.060,119,000000000000
1762329670.098,5F0,0017000000000000
1762329670.190,5F0,0017000000000000
1762329671.365,119,000000000000
1762329670.290,5F0,0017000000000000
1762329671.464,119,000000000000
1762329671.490,5F0,0017000000000000
1762329671.591,5F0,0017000000000000
1762329671.691,5F0,0017000000000000
1762329671.764,119,000000000000
1762329671.865,119,000000000000
1762329671.891,5F0,0018000000000000
1762329671.991,5F0,0018000000000000
1762329671.091,5F0,0018000000000000
1762329671.171,119,000000000000
1762329671.239,5F5,00640000006403E8
1762329671.292,5F0,0018000000000000
1762329672.392,5F0,0018000000000000
1762329672.498,5F0,0018000000000000
1762329672.570,119,000000000000
1762329672.593,5F0,0018000000000000
1762329672.739,5F5,00640000006403E8
1762329672.793,5F0,0019000000000000
1762329672.893,5F0,0019000000000000
1762329672.973,119,000000000000
1762329672.994,5F0,0019000000000000
1762329672.094,5F0,0019000000000000
1762329672.198,5F0,0019000000000000
1762329672.294,5F0,0019000000000000
1762329673.376,119,000000000000
1762329673.494,5F0,0019000000000000
1762329673.429,115,0000000000000000
1762329673.709,119,000000000000
1762329673.609,115,0000000000000000
1762329673.740,5F5,00640000006403E8
1762329673.808,119,000000000000
1762329673.910,119,000000000000
1762329673.012,119,000000000000
1762329673.149,115,0000000000000000
1762329673.095,5F0,001A000000000000
1762329673.244,5F5,00640000006403E8
1762329674.329,115,0000000000000000
1762329674.415,119,000000000000
1762329674.515,119,000000000000
1762329674.496,5F0,001A000000000000
1762329674.615,119,000000000000
1762329674.740,5F5,00640000006403E8
1762329674.815,119,000000000000
1762329674.897,5F0,001B000000000000
1762329674.917,119,000000000000
1762329674.049,115,0000000000000000
1762329674.225,119,000000000000
1762329674.121,119,000000000000
1762329674.298,5F0,001B000000000000
1762329675.322,119,000000000000
1762329675.422,119,000000000000
1762329675.522,119,000000000000
1762329675.622,119,000000000000
1762329675.700,5F0,001B000000000000
1762329675.769,115,0000000000000000
1762329675.822,119,000000000000
1762329675.027,119,000000000000
1762329675.928,119,000000000000
1762329675.099,5F0,001C000000000000
1762329675.129,118,000000000000
1762329675.241,5F5,00640000006403E8
1762329676.330,119,000000000000
1762329676.399,5F0,001C000000000000
1762329676.500,5F0,001C000000000000
1762329676.530,119,000000000000
1762329676.630,119,000000000000
1762329676.741,5F5,00640000006403E8
1762329676.800,5F0,001D000000000000
1762329676.909,5F0,001D000000000000
1762329676.930,119,000000000000
1762329676.031,119,000000000000
1762329676.133,119,000000000000
1762329676.209,115,0000000000000000
1762329676.301,5F0,001D000000000000
1762329677.337,119,000000000000
1762329677.537,119,000000000000
1762329677.438,119,000000000000
1762329677.608,5F0,001D000000000000
1762329677.702,5F0,001D000000000000
1762329677.749,115,0000000000000000
1762329677.837,119,000000000000
1762329677.940,119,000000000000
1762329677.003,5F0,001E000000000000
1762329677.103,5F0,001E000000000000
1762329677.144,119,000000000000
1762329677.246,119,000000000000
1762329678.345,119,000000000000
1762329678.404,5F0,001E000000000000
1762329678.504,5F0,001E000000000000
1762329678.545,119,000000000000
1762329678.649,115,0000000000000000
1762329678.741,5F5,00640000006403E8
1762329678.804,5F0,001F000000000000
1762329678.905,5F0,001F000000000000
1762329678.981,119,000000000000
1762329678.009,115,0000000000000000
1762329678.105,5F0,001F000000000000
1762329678.205,5F0,001F000000000000
1762329678.305,5F0,001F000000000000
1762329679.385,119,000000000000
1762329679.405,5F0,001F000000000000
1762329679.506,5F0,001F000000000000
1762329679.708,5F0,001F000000000000
1762329679.606,5F0,001F000000000000
1762329679.785,119,000000000000
1762329679.806,5F0,0020000000000000
1762329679.909,115,0000000000000000
1762329679.007,5F0,0020000000000000
1762329679.107,5F0,0020000000000000
1762329679.107,5F0,0020000000000000
1762329679.242,5F5,00640000006403E8
1762329679.308,5F0,0020000000000000
1762329680.408,5F0,0020000000000000
1762329680.508,5F0,0020000000000000
1762329680.508,5F0,0020000000000000
1762329680.629,115,0000000000000000
1762329680.742,5F5,00640000006403E8
1762329680.809,115,0000000000000000
1762329680.895,119,000000000000
1762329680.909,5F0,0021000000000000
1762329680.009,5F0,0021000000000000
1762329680.109,5F0,0021000000000000
1762329680.209,5F0,0021000000000000
1762329681.349,115,0000000000000000
1762329680.301,119,000000000000
1762329681.529,115,0000000000000000
1762329681.610,5F0,0021000000000000
1762329681.410,5F0,0021000000000000
1762329681.701,119,000000000000
1762329681.743,5F5,00640000006403E8
1762329681.811,5F0,0022000000000000
1762329681.911,5F0,0022000000000000
1762329681.014,5F0,0022000000000000
1762329681.106,119,000000000000
1762329681.111,5F0,0022000000000000
1762329681.249,115,0000000000000000
1762329682.311,5F0,0022000000000000
1762329682.411,5F0,0022000000000000
1762329682.507,119,000000000000
1762329682.512,5F0,0022000000000000
1762329682.612,5F0,0022000000000000
1762329682.812,5F0,0023000000000000
1762329682.743,5F5,00640000006403E8
1762329682.907,119,000000000000
1762329682.969,115,0000000000000000
1762329682.012,5F0,0023000000000000
1762329682.243,5F5,00640000006403E8
1762329682.112,5F0,0023000000000000
1762329682.213,5F0,0023000000000000
1762329683.329,115,0000000000000000
1762329683.415,119,000000000000
1762329683.515,119,000000000000
1762329683.614,119,000000000000
1762329683.689,115,0000000000000000
1762329683.815,119,000000000000
1762329683.744,5F5,00640000006403E8
1762329683.914,5F0,0024000000000000
1762329683.052,119,000000000000
1762329683.014,5F0,0024000000000000
1762329683.154,119,000000000000
1762329683.258,119,000000000000
1762329684.415,5F0,0024000000000000
1762329684.456,119,000000000000
1762329684.314,5F0,0024000000000000
1762329684.556,119,000000000000
1762329684.748,5F5,00640000006403E8
1762329684.655,119,000000000000
1762329684.815,5F0,0025000000000000
1762329684.856,119,000000000000
1762329684.958,119,000000000000
1762329684.060,119,000000000000
1762329684.129,115,0000000000000000
1762329685.316,5F0,0025000000000000
1762329684.216,5F0,0025000000000000
1762329685.363,119,000000000000
1762329685.463,119,000000000000
1762329685.517,5F0,0025000000000000
1762329685.617,5F0,0025000000000000
1762329685.763,119,000000000000
1762329685.717,5F0,0025000000000000
1762329685.865,119,000000000000
1762329685.917,5F0,0026000000000000
1762329685.030,115,0000000000000000
1762329685.067,119,000000000000
1762329685.169,119,000000000000
1762329686.318,5F0,0026000000000000
1762329685.271,119,000000000000
1762329686.419,5F0,0026000000000000
1762329686.571,115,0000000000000000
1762329686.470,119,000000000000
1762329686.750,115,0000000000000000
1762329686.670,119,000000000000
1762329686.819,5F0,0027000000000000
1762329686.972,119,000000000000
1762329686.871,119,000000000000
1762329686.074,119,000000000000
1762329686.220,5F0,0027000000000000
1762329686.120,5F0,0027000000000000
1762329686.290,115,0000000000000000
1762329687.377,119,000000000000
1762329687.477,119,000000000000
1762329687.521,5F0,0027000000000000
1762329687.621,5F0,0027000000000000
1762329687.729,115,0000000000000000
1762329689.148,5F0,0035000000000000
1762329689.180,119,000000000000
1762329689.281,119,000000000000
1762329689.381,119,000000000000
1762329689.448,5F0,0035000000000000
1762329689.509,115,0000000000000000
1762329689.689,115,0000000000000000
1762329689.581,119,000000000000
1762329690.853,5F0,0036000000000000
1762329690.781,119,000000000000
1762329690.881,119,000000000000
1762329690.983,119,000000000000
1762329690.085,119,000000000000
1762329690.149,5F0,0036000000000000
1762329690.250,5F5,00640000006403E8
1762329690.289,119,000000000000
1762329690.412,115,0000000000000000
1762329690.490,119,000000000000
1762329690.550,5F0,0036000000000000
1762329690.651,5F0,0036000000000000
1762329691.740,5F7,0000000000000000
1762329691.790,119,000000000000
1762329691.051,5F0,0037000000000000
1762329691.890,119,000000000000
1762329691.951,5F0,0037000000000000
1762329691.129,115,0000000000000000
1762329691.196,119,000000000000
1762329691.298,119,000000000000
1762329691.352,5F0,0037000000000000
1762329691.499,119,000000000000
1762329691.452,5F0,0037000000000000
1762329691.600,119,000000000000
1762329691.699,119,000000000000
1762329692.752,5F0,0038000000000000
1762329692.852,5F0,0038000000000000
1762329692.899,119,000000000000
1762329692.103,119,000000000000
1762329692.001,119,000000000000
1762329806.434,5F0,0005000000000000
1762329806.458,5F0,0005000000000000
1762329806.558,5F0,0005000000000000
1762329806.749,119,000000000000
1762329806.658,5F0,0005000000000000
1762329806.809,115,0000000000000000
1762329806.859,5F0,0006000000000000
1762329806.989,115,0000000000000000
1762329807.059,5F0,0006000000000000
1762329807.059,5F0,0006000000000000
1762329807.169,115,0000000000000000
1762329807.259,5F0,0006000000000000
1762329807.360,5F0,0006000000000000
1762329807.529,115,0000000000000000
1762329807.460,5F0,0006000000000000
1762329807.560,5F0,0006000000000000
1762329807.760,5F0,0007000000000000
1762329807.709,115,0000000000000000
1762329807.861,5F0,0007000000000000
1762329807.889,115,0000000000000000
1762329807.961,5F0,0007000000000000
1762329808.069,115,0000000000000000
1762329808.262,5F0,0007000000000000
1762329808.162,5F0,0007000000000000
1762329808.262,5F0,0007000000000000
1762329808.429,115,0000000000000000
1762329808.562,5F0,0007000000000000
1762329808.465,5F0,0007000000000000
1762329808.662,5F0,0007000000000000
1762329808.789,115,0000000000000000
1762329808.733,5F5,00640000006403E8
1762329808.863,5F0,0008000000000000
1762329808.969,115,0000000000000000
1762329809.166,5F0,0008000000000000
1762329809.063,5F0,0008000000000000
1762329809.149,115,0000000000000000
1762329809.264,5F0,0008000000000000
1762329809.364,5F0,0008000000000000
1762329809.464,5F0,0008000000000000
1762329809.509,115,0000000000000000
1762329809.565,5F0,0008000000000000
1762329809.689,115,0000000000000000
1762329809.767,119,000000000000
1762329809.966,5F0,0009000000000000
1762329809.869,115,0000000000000000
1762329809.869,115,0000000000000000
1762329810.066,5F0,0009000000000000
1762329810.266,5F0,0009000000000000
1762329810.166,5F0,0009000000000000
1762329810.409,115,0000000000000000
1762329810.467,5F0,0009000000000000
1762329810.266,5F0,0009000000000000
1762329810.589,115,0000000000000000
1762329810.669,119,000000000000
1762329810.733,5F5,00640000006403E8
1762329810.771,119,000000000000
1762329810.871,119,000000000000
1762329810.970,119,000000000000
1762329811.129,115,0000000000000000
1762329811.068,5F0,000A000000000000
1762329811.203,119,000000000000
1762329811.309,115,0000000000000000
1762329811.369,5F0,000A000000000000
1762329811.469,5F0,000A000000000000
1762329811.502,119,000000000000
1762329811.603,119,000000000000
1762329811.706,119,000000000000
1762329811.770,5F0,000B000000000000
1762329811.870,5F0,000B000000000000
1762329811.907,119,000000000000
1762329811.029,115,0000000000000000
1762329812.109,119,000000000000
1762329812.170,5F0,000B000000000000
1762329812.270,5F0,000B000000000000
1762329812.307,119,000000000000
1762329812.507,119,000000000000
1762329812.407,119,000000000000
1762329812.571,5F0,000B000000000000
1762329812.749,115,0000000000000000
1762329812.813,119,000000000000
1762329812.609,119,000000000000
1762329812.875,5F0,000C000000000000
1762329812.973,5F0,000C000000000000
1762329812.016,119,000000000000
1762329813.112,119,000000000000
1762329813.289,115,0000000000000000
1762329813.214,119,000000000000
1762329813.372,5F0,000C000000000000
1762329813.614,119,000000000000
00
1762329813.514,119,000000000000
1762329813.673,5F0,000C000000000000
1762329813.773,5F0,000D000000000000
1762329813.918,119,000000000000
1762329813.829,115,0000000000000000
1762329813.017,119,000000000000
1762329814.074,5F0,000D000000000000
1762329814.189,115,0000000000000000
1762329814.235,5F5,00640000006403E8
1762329814.317,119,000000000000
1762329814.418,119,000000000000
1762329814.475,5F0,000D000000000000
1762329814.575,5F0,000D000000000000
1762329814.617,119,000000000000
1762329814.735,5F5,00640000006403E8
1762329814.975,5F0,000E000000000000
1762329814.820,119,000000000000
1762329814.909,115,0000000000000000
1762329814.023,119,000000000000
1762329815.123,119,000000000000
1762329815.276,5F0,000E000000000000
1762329815.223,119,000000000000
1762329815.376,5F0,000E000000000000
1762329815.449,115,0000000000000000
1762329815.523,119,000000000000
1762329815.629,115,0000000000000000
1762329815.777,5F0,000F000000000000
1762329815.678,5F0,000E000000000000
1762329815.829,119,000000000000
1762329815.929,119,000000000000
1762329816.077,5F0,000F000000000000
1762329816.178,5F0,000F000000000000
1762329815.029,119,000000000000
1762329816.236,5F5,00640000006403E8
1762329816.349,115,0000000000000000
1762329816.378,5F0,000F000000000000
1762329816.478,5F0,000F000000000000
1762329816.664,119,000000000000
1762329816.578,5F0,000F000000000000
1762329816.736,5F5,00640000006403E8
1762329816.779,5F0,0010000000000000
1762329816.889,115,0000000000000000
1762329816.980,5F0,0010000000000000
1762329817.069,115,0000000000000000
1762329817.080,5F0,0010000000000000
1762329817.180,5F0,0010000000000000
1762329817.280,5F0,0010000000000000
1762329817.381,5F0,0010000000000000
1762329817.476,119,000000000000
1762329817.481,5F0,0010000000000000
1762329817.609,115,0000000000000000
1762329817.681,5F0,0010000000000000
1762329817.789,115,0000000000000000
1762329817.874,119,000000000000
1762329817.882,5F0,0011000000000000
1762329817.987,5F0,0011000000000000
1762329818.082,5F0,0011000000000000
1762329818.273,119,000000000000
1762329818.182,5F0,0011000000000000
1762329818.329,115,0000000000000000
1762329818.383,5F0,0011000000000000
1762329818.509,115,0000000000000000
1762329818.583,5F0,0011000000000000
1762329818.678,119,000000000000
1762329818.783,5F0,0012000000000000
1762329818.737,5F5,00640000006403E8
1762329818.883,5F0,0012000000000000
1762329818.984,5F0,0012000000000000
1762329819.049,115,0000000000000000
1762329819.237,5F5,00640000006403E8
1762329819.084,5F0,0012000000000000
1762329819.284,5F0,0012000000000000
1762329819.387,5F0,0012000000000000
1762329819.409,115,0000000000000000
1762329819.589,115,0000000000000000
1762329819.485,5F0,0012000000000000
1762329819.786,5F0,0013000000000000
1762329819.686,5F0,0012000000000000
1762329819.949,115,0000000000000000
1762329819.786,5F0,0013000000000000
1762329819.986,5F0,0013000000000000
1762329820.186,5F0,0013000000000000
1762329820.086,5F0,0013000000000000
1762329820.238,5F5,00640000006403E8
1762329820.309,115,0000000000000000
1762329820.387,5F0,0013000000000000
1762329820.489,115,0000000000000000
1762329820.587,5F0,0013000000000000
1762329820.669,115,0000000000000000
1762329820.740,5F5,00640000006403E8
1762329820.789,5F0,0014000000000000
1762329820.889,119,000000000000
1762329820.991,119,000000000000
1762329821.240,5F5,00640000006403E8
1762329820.029,115,0000000000000000
1762329821.092,119,000000000000
1762329821.291,119,000000000000
1762329821.389,115,0000000000000000
1762329821.389,115,0000000000000000
1762329821.524,119,000000000000
1762329821.627,119,000000000000
1762329821.689,5F0,0014000000000000
1762329821.789,5F0,0015000000000000
1762329821.930,119,000000000000
1762329821.829,119,000000000000
1762329822.109,115,0000000000000000
1762329821.029,119,000000000000
1762329822.190,5F0,0015000000000000
1762329822.241,5F5,00640000006403E8
1762329822.329,119,000000000000
1762329822.429,119,000000000000
1762329822.491,5F0,0015000000000000
1762329822.591,5F0,0015000000000000
1762329822.649,115,0000000000000000
1762329822.741,5F5,00640000006403E8
1762329822.835,119,000000000000
1762329822.892,5F0,0016000000000000
1762329822.992,5F0,0016000000000000
1762329822.035,119,000000000000
1762329823.293,5F0,0016000000000000
1762329823.238,5F5,00640000006403E8
1762329823.135,119,000000000000
1762329823.393,5F0,0016000000000000
1762329823.435,119,000000000000
1762329823.549,115,0000000000000000
1762329823.694,5F0,0016000000000000
1762329823.637,119,000000000000
1762329823.799,5F0,0017000000000000
1762329823.842,119,000000000000
1762329823.943,119,000000000000
1762329823.994,5F0,0017000000000000
1762329824.095,5F0,0017000000000000
1762329824.195,5F0,0017000000000000
1762329824.342,119,000000000000
1762329824.395,5F0,0017000000000000
1762329824.501,5F0,0017000000000000
1762329824.596,5F0,0017000000000000
1762329824.645,119,000000000000
1762329824.747,119,000000000000
1762329824.897,5F0,0018000000000000
1762329824.809,115,0000000000000000
1762329824.997,5F0,0018000000000000
1762329825.149,119,000000000000
1762329825.298,5F0,0018000000000000
1762329825.398,5F0,0018000000000000
1762329825.449,119,000000000000
1762329825.239,5F5,00640000006403E8
1762329825.549,119,000000000000
1762329825.599,5F0,0018000000000000
1762329825.709,115,0000000000000000
1762329825.799,5F0,0019000000000000
1762329825.856,119,000000000000
1762329825.956,119,000000000000
1762329825.999,5F0,0019000000000000
1762329826.099,5F0,0019000000000000
1762329826.156,119,000000000000
1762329826.256,119,000000000000
1762329826.356,119,000000000000
1762329826.429,115,0000000000000000
1762329826.500,5F0,0019000000000000
1762329826.500,5F0,0019000000000000
1762329826.609,115,0000000000000000
1762329826.740,5F5,00640000006403E8
1762329826.901,5F0,001A000000000000
1762329826.801,5F0,001A000000000000
1762329826.994,119,000000000000
1762329826.003,5F0,001A000000000000
1762329827.149,115,0000000000000000
1762329827.303,5F0,001A000000000000
1762329827.202,5F0,001A000000000000
1762329827.395,119,000000000000
1762329827.402,5F0,001A000000000000
1762329827.509,115,0000000000000000
1762329827.603,5F0,001A000000000000
1762329827.703,5F0,001A000000000000
1762329827.799,119,000000000000
1762329827.869,115,0000000000000000
1762329827.903,5F0,001B000000000000
1762329828.104,5F0,001B000000000000
1762329828.104,5F0,001B000000000000
1762329827.004,5F0,001B000000000000
1762329828.240,5F5,00640000006403E8
1762329828.409,115,0000000000000000
1762329828.304,5F0,001B000000000000
1762329828.504,5F0,001B000000000000
1762329828.589,115,0000000000000000
1762329828.604,5F0,001B000000000000
1762329828.742,5F5,00640000006403E8
1762329828.806,119,000000000000
1762329828.949,115,0000000000000000
1762329828.908,119,000000000000
1762329828.007,119,000000000000
1762329829.129,115,0000000000000000
1762329829.207,119,000000000000
1762329829.309,115,0000000000000000
1762329829.407,119,000000000000
1762329829.309,115,0000000000000000
1762329829.507,119,000000000000
1762329829.711,119,000000000000
1762329829.609,119,000000000000
1762329829.849,115,0000000000000000
1762329829.741,5F5,00640000006403E8
1762329829.915,119,000000000000
1762329829.029,115,0000000000000000
1762329830.114,119,000000000000
1762329830.114,119,000000000000
1762329830.243,5F5,00640000006403E8
1762329830.314,119,000000000000
1762329830.414,119,000000000000
1762329830.518,119,000000000000
1762329830.569,115,0000000000000000
1762329830.616,119,000000000000
1762329830.749,115,0000000000000000
1762329830.820,119,000000000000
1762329830.924,119,000000000000
1762329830.929,115,0000000000000000
1762329830.020,119,000000000000
1762329831.121,119,000000000000
1762329831.241,5F5,00640000006403E8
1762329831.321,119,000000000000
1762329831.321,119,000000000000
1762329831.469,115,0000000000000000
1762329831.520,119,000000000000
1762329831.622,119,000000000000
1762329831.711,5F0,001E000000000000
1762329831.744,5F5,00640000006403E8
1762329831.860,119,000000000000
1762329831.961,119,000000000000
1762329832.112,5F0,001F000000000000
1762329831.011,5F0,001F000000000000
1762329832.189,115,0000000000000000
1762329832.261,119,000000000000
1762329832.360,119,000000000000
1762329832.412,5F0,001F000000000000
1762329832.561,119,000000000000
1762329832.513,5F0,001F000000000000
1762329832.660,119,000000000000
1762329832.813,5F0,0020000000000000
1762329832.764,119,000000000000
1762329832.913,5F0,0020000000000000
1762329832.970,119,000000000000
1762329833.067,119,000000000000
1762329833.114,5F0,0020000000000000
1762329833.243,5F5,00640000006403E8
1762329833.317,5F0,0020000000000000
1762329833.367,119,000000000000
1762329833.515,5F0,0020000000000000
1762329833.629,115,0000000000000000
1762329833.716,5F0,0020000000000000
1762329833.771,119,000000000000
1762329833.873,119,000000000000
1762329833.916,5F0,0021000000000000
1762329833.017,5F0,0021000000000000
1762329834.173,119,000000000000
1762329834.116,5F0,0021000000000000
1762329834.417,5F0,0021000000000000
1762329834.349,115,0000000000000000
1762329834.273,119,000000000000
1762329834.529,115,0000000000000000
1762329834.573,119,000000000000
1762329834.675,119,000000000000
1762329834.745,5F5,00640000006403E8
1762329834.818,5F0,0022000000000000
1762329834.918,5F0,0022000000000000
1762329834.979,119,000000000000
1762329835.249,115,0000000000000000
1762329835.079,119,000000000000
1762329835.118,5F0,0022000000000000
1762329835.319,5F0,0022000000000000
1762329835.379,119,000000000000
1762329835.519,5F0,0022000000000000
1762329835.478,119,000000000000
1762329835.619,5F0,0022000000000000
1762329835.719,5F0,0022000000000000
1762329835.789,115,0000000000000000
1762329835.886,119,000000000000
1762329835.020,5F0,0023000000000000
1762329835.969,115,0000000000000000
1762329836.121,5F0,0023000000000000
1762329836.190,119,000000000000
1762329836.285,119,000000000000
1762329836.329,115,0000000000000000
1762329836.421,5F0,0023000000000000
1762329836.521,5F0,0023000000000000
1762329836.585,119,000000000000
1762329836.689,115,0000000000000000
1762329836.747,5F5,00640000006403E8
1762329836.822,5F0,0024000000000000
1762329836.922,5F0,0024000000000000
1762329837.124,5F0,0024000000000000
1762329836.922,5F0,0024000000000000
1762329837.049,115,0000000000000000
1762329837.245,5F5,00640000006403E8
1762329837.326,5F0,0024000000000000
1762329837.409,115,0000000000000000
1762329837.424,5F0,0024000000000000
1762329837.524,5F0,0024000000000000
1762329837.626,119,000000000000
1762329837.769,115,0000000000000000
1762329837.727,119,000000000000
1762329837.829,119,000000000000
1762329837.949,115,0000000000000000
1762329837.030,119,000000000000
1762329838.129,116,0000000000000000
1762329838.129,116,0000000000000000
1762329838.245,5F5,00640000006403E8
1762329838.330,119,000000000000
1762329838.430,119,000000000000
1762329838.530,119,000000000000
1762329838.530,119,000000000000
1762329838.669,115,0000000000000000
1762329838.745,5F5,00640000006403E8
1762329838.849,115,0000000000000000
1762329838.927,5F0,0026000000000000
1762329838.935,119,000000000000
1762329838.036,119,000000000000
1762329839.245,5F5,00640000006403E8
1762329839.136,119,000000000000
1762329839.328,5F0,0026000000000000
1762329839.389,115,0000000000000000
1762329839.436,119,000000000000
1762329839.569,115,0000000000000000
1762329839.637,119,000000000000
1762329839.729,5F0,0026000000000000
1762329839.749,115,0000000000000000
1762329839.841,119,000000000000
1762329839.942,119,000000000000
1762329840.042,119,000000000000
1762329840.129,5F0,0027000000000000
1762329840.142,119,000000000000
1762329840.289,115,0000000000000000
1762329840.342,119,000000000000
1762329840.442,119,000000000000
1762329840.530,5F0,0027000000000000
1762329840.542,119,000000000000
1762329840.649,115,0000000000000000
1762329840.848,119,000000000000
1762329840.749,5F5,00640000006403E8
1762329840.931,5F0,0028000000000000
1762329840.009,115,0000000000000000
1762329841.049,119,000000000000
1762329841.149,119,000000000000
1762329841.249,119,000000000000
1762329841.369,115,0000000000000000
1762329841.249,119,000000000000
1762329841.449,119,000000000000
1762329841.549,115,0000000000000000
1762329841.652,119,000000000000
1762329841.729,115,0000000000000000
1762329841.753,119,000000000000
1762329841.858,119,000000000000
1762329841.956,119,000000000000
1762329841.034,5F0,0029000000000000
1762329842.089,115,0000000000000000
1762329842.188,119,000000000000
1762329842.288,119,000000000000
1762329842.334,5F0,0029000000000000
1762329842.449,115,0000000000000000
1762329842.491,119,000000000000
1762329842.588,119,000000000000
1762329842.747,5F5,00640000006403E8
1762329842.690,119,000000000000
1762329842.837,5F0,002A000000000000
1762329842.994,119,000000000000
1762329843.094,119,000000000000
1762329843.169,115,0000000000000000
1762329843.247,5F5,00640000006403E8
1762329843.294,119,000000000000
1762329843.394,119,000000000000
1762329843.537,5F0,002A000000000000
1762329843.437,5F0,002A000000000000
1762329843.709,115,0000000000000000
1762329843.637,5F0,002A000000000000
1762329843.798,119,000000000000
1762329843.889,115,0000000000000000
1762329843.938,5F0,002B000000000000
1762329843.038,5F0,002B000000000000
1762329844.100,119,000000000000
1762329844.200,119,000000000000
1762329844.249,115,0000000000000000
1762329844.339,5F0,002B000000000000
1762329844.439,5F0,002B000000000000
1762329844.500,119,000000000000
1762329844.609,115,0000000000000000
1762329844.640,5F0,002B000000000000
1762329844.840,5F0,002C000000000000
1762329844.748,5F5,00640000006403E8
1762329844.903,119,000000000000
1762329844.008,119,000000000000
1762329845.041,5F0,002C000000000000
1762329845.149,115,0000000000000000
1762329845.406,119,000000000000
1762329845.248,5F5,00640000006403E8
1762329845.329,115,0000000000000000
1762329845.442,5F0,002C000000000000
1762329845.542,5F0,002C000000000000
1762329845.642,5F0,002C000000000000
1762329845.710,119,000000000000
1762329845.811,119,000000000000
1762329845.869,115,0000000000000000
1762329845.943,5F0,002D000000000000
1762329846.049,115,0000000000000000
1762329846.113,119,000000000000
1762329846.214,119,000000000000
1762329846.251,5F5,00640000006403E8
1762329846.344,5F0,002D000000000000
1762329846.444,5F0,002D000000000000
1762329846.513,119,000000000000
1762329846.589,115,0000000000000000
1762329846.645,5F0,002D000000000000
1762329846.769,115,0000000000000000
1762329846.920,119,000000000000
1762329846.845,5F0,002E000000000000
1762329846.949,115,0000000000000000
1762329847.046,5F0,002E000000000000
1762329847.146,5F0,002E000000000000
1762329847.251,5F5,00640000006403E8
1762329847.311,115,0000000000000000
1762329847.352,119,000000000000
1762329847.491,115,0000000000000000
1762329847.552,119,000000000000
1762329847.647,5F0,002E000000000000
1762329847.672,115,0000000000000000
1762329847.756,119,000000000000
1762329847.858,119,000000000000
1762329847.959,119,000000000000
1762329848.048,5F0,002F000000000000
1762329848.059,119,000000000000
1762329848.211,115,0000000000000000
1762329848.259,119,000000000000
1762329848.359,119,000000000000
1762329848.449,5F0,002F000000000000
1762329848.459,119,000000000000
1762329848.571,115,0000000000000000
1762329848.763,119,000000000000
1762329848.661,119,000000000000
1762329848.931,115,0000000000000000
1762329848.850,5F0,0030000000000000
1762329848.965,119,000000000000
1762329849.068,119,000000000000
1762329849.165,119,000000000000
1762329849.250,5F0,0030000000000000
1762329849.291,115,0000000000000000
1762329849.365,119,000000000000
1762329849.471,115,0000000000000000
1762329849.565,119,000000000000
1762329849.652,5F0,0030000000000000
1762329849.667,119,000000000000
1762329849.772,119,000000000000
1762329849.871,119,000000000000
1762329849.971,119,000000000000
1762329850.052,5F0,0031000000000000
1762329850.190,115,0000000000000000
1762329850.071,119,000000000000
1762329850.271,119,000000000000
1762329850.371,119,000000000000
1762329850.452,5F0,0031000000000000
1762329850.571,119,000000000000
1762329850.471,119,000000000000
1762329850.671,119,000000000000
1762329850.772,119,000000000000
1762329850.772,119,000000000000
1762329850.976,119,000000000000
1762329850.909,115,0000000000000000
1762329851.089,115,0000000000000000
1762329851.154,5F0,0032000000000000
1762329851.250,5F5,00640000006403E8
1762329851.378,119,000000000000
1762329851.278,119,000000000000
1762329851.554,5F0,0032000000000000
1762329851.478,119,000000000000
1762329851.629,115,0000000000000000
1762329851.680,119,000000000000
1762329851.809,115,0000000000000000
1762329851.883,119,000000000000
1762329851.955,5F0,0033000000000000
1762329851.989,115,0000000000000000
1762329852.085,119,000000000000
1762329852.185,119,000000000000
1762329852.288,119,000000000000
1762329852.357,5F0,0033000000000000
1762329852.357,5F0,0033000000000000
1762329852.529,115,0000000000000000
1762329852.556,5F0,0033000000000000
1762329852.756,5F0,0034000000000000
1762329852.656,5F0,0033000000000000
1762329852.923,119,000000000000
1762329852.821,119,000000000000
1762329852.957,5F0,0034000000000000
1762329853.069,115,0000000000000000
1762329853.157,5F0,0034000000000000
1762329853.252,5F5,00640000006403E8
1762329853.324,119,000000000000
1762329853.357,5F0,0034000000000000
1762329853.458,5F0,0034000000000000
1762329853.624,119,000000000000
1762329853.558,5F0,0034000000000000
1762329853.726,119,000000000000
1762329853.789,115,0000000000000000
1762329853.858,5F0,0035000000000000
1762329853.969,115,0000000000000000
1762329854.059,5F0,0035000000000000
1762329854.159,5F0,0035000000000000
1762329854.130,119,000000000000
1762329854.259,5F0,0035000000000000
1762329854.360,5F0,0035000000000000
1762329854.460,5F0,0035000000000000
1762329854.530,119,000000000000
1762329854.560,5F0,0035000000000000
1762329854.689,115,0000000000000000
1762329854.760,5F0,0036000000000000
1762329854.834,119,000000000000
1762329854.936,119,000000000000
1762329855.061,5F0,0036000000000000
1762329854.961,5F0,0036000000000000
1762329855.161,5F0,0036000000000000
1762329855.337,119,000000000000
1762329855.254,5F5,00640000006403E8
1762329855.462,5F0,0036000000000000
1762329855.409,115,0000000000000000
1762329855.562,5F0,0036000000000000
1762329855.743,5F4,000003E803E803E8
1762329855.638,119,000000000000
1762329855.963,5F0,0037000000000000
1762329855.769,115,0000000000000000
1762329855.863,5F0,0037000000000000
1762329856.044,119,000000000000
1762329856.129,115,0000000000000000
1762329856.163,5F0,0037000000000000
1762329856.264,5F0,0037000000000000
1762329856.364,5F0,0037000000000000
1762329856.444,119,000000000000
1762329856.490,115,0000000000000000
1762329856.564,5F0,0037000000000000
1762329856.669,115,0000000000000000
1762329856.865,5F0,0038000000000000
1762329856.849,115,0000000000000000
1762329856.768,5F0,0038000000000000
1762329856.965,5F0,0038000000000000
1762329857.065,5F0,0038000000000000
1762329857.165,5F0,0038000000000000
1762329857.266,5F0,0038000000000000
1762329857.253,5F5,00640000006403E8
1762329857.389,115,0000000000000000
1762329857.468,5F0,0038000000000000
1762329857.569,115,0000000000000000
1762329857.569,115,0000000000000000
1762329857.740,5F4,000003E803E803E8
1762329857.891,119,000000000000
1762329857.967,5F0,0039000000000000
1762329857.789,119,000000000000
1762329857.993,119,000000000000
1762329858.109,115,0000000000000000
1762329858.193,119,000000000000
1762329858.293,119,000000000000
1762329858.367,5F0,0039000000000000
1762329858.393,119,000000000000
1762329858.593,119,000000000000
1762329858.493,119,000000000000
1762329858.695,119,000000000000
1762329858.768,5F0,003A000000000000
1762329858.829,115,0000000000000000
1762329858.009,115,0000000000000000
1762329858.899,119,000000000000
1762329859.169,5F0,003A000000000000
1762329859.101,119,000000000000
1762329859.256,5F5,00640000006403E8
1762329859.301,119,000000000000
1762329859.401,119,000000000000
1762329859.501,119,000000000000
1762329859.570,5F0,003A000000000000
1762329859.601,119,000000000000
1762329859.741,5F4,000003E803E803E8
1762329859.805,119,000000000000
1762329859.870,5F0,003B000000000000
1762329859.970,5F0,003B000000000000
1762329859.009,119,000000000000
1762329860.208,119,000000000000
1762329860.108,119,000000000000
1762329860.449,115,0000000000000000
1762329860.371,5F0,003B000000000000
1762329860.508,119,000000000000
1762329860.608,119,000000000000
1762329860.672,5F0,003B000000000000
1762329860.772,5F0,003C000000000000
1762329860.812,119,000000000000
1762329860.914,119,000000000000
1762329860.015,119,000000000000
1762329861.073,5F0,003C000000000000
1762329861.173,5F0,003C000000000000
1762329861.254,5F5,00640000006403E8
1762329861.317,119,000000000000
1762329861.415,119,000000000000
1762329861.474,5F0,003C000000000000
1762329861.574,5F0,003C000000000000
1762329861.617,119,000000000000
1762329861.744,5F4,000003E803E803E8
1762329861.819,119,000000000000
1762329861.889,115,0000000000000000
1762329861.975,5F0,003D000000000000
1762329861.022,119,000000000000
1762329862.221,119,000000000000
1762329862.121,119,000000000000
1762329862.275,5F0,003D000000000000
1762329862.429,115,0000000000000000
1762329862.376,5F0,003D000000000000
1762329862.676,5F0,003D000000000000
1762329862.622,119,000000000000
1762329862.777,5F0,003E000000000000
1762329862.521,119,000000000000
1762329862.861,119,000000000000
1762329862.877,5F0,003E000000000000
1762329862.977,5F0,003E000000000000
1762329863.077,5F0,003E000000000000
1762329863.177,5F0,003E000000000000
1762329863.261,119,000000000000
1762329863.329,115,0000000000000000
1762329863.478,5F0,003E000000000000
1762329863.578,5F0,003E000000000000
1762329863.663,119,000000000000
1762329863.778,5F0,003F000000000000
1762329863.878,5F0,003F000000000000
1762329863.982,5F0,003F000000000000
1762329864.050,115,0000000000000000
1762329864.079,5F0,003F000000000000
1762329864.180,5F0,003F000000000000
1762329864.280,5F0,003F000000000000
1762329864.380,5F0,003F000000000000
1762329864.409,115,0000000000000000
1762329864.589,115,0000000000000000
1762329864.480,5F0,003F000000000000
1762329864.681,5F0,003F000000000000
1762329864.781,5F0,0040000000000000
1762329864.781,5F0,0040000000000000
1762329864.981,5F0,0040000000000000
1762329864.881,5F0,0040000000000000
1762329865.082,5F0,0040000000000000
1762329865.182,5F0,0040000000000000
1762329865.256,5F5,00640000006403E8
1762329865.312,115,0000000000000000
1762329865.384,5F0,0040000000000000
1762329865.489,115,0000000000000000
1762329865.582,5F0,0040000000000000
1762329865.582,5F0,0040000000000000
1762329865.741,5F4,000003E803E803E8
1762329865.783,5F0,0041000000000000
1762329865.884,5F0,0041000000000000
1762329865.984,5F0,0041000000000000
1762329865.029,115,0000000000000000
1762329866.085,119,000000000000
1762329866.285,5F0,0041000000000000
1762329866.209,115,0000000000000000
1762329866.285,5F0,0041000000000000
1762329866.389,115,0000000000000000
1762329866.485,5F0,0041000000000000
1762329866.585,5F0,0041000000000000
1762329866.687,119,000000000000
1762329866.760,5F5,00640000006403E8
1762329866.790,119,000000000000
1762329866.929,115,0000000000000000
1762329866.993,119,000000000000
1762329867.094,119,000000000000
1762329867.109,115,0000000000000000
1762329867.257,5F5,00640000006403E8
1762329867.294,119,000000000000
1762329867.394,119,000000000000
1762329867.494,119,000000000000
1762329867.494,119,000000000000
1762329867.649,115,0000000000000000
1762329867.742,5F4,000003E803E803E8
1762329867.888,5F0,0043000000000000
1762329867.799,119,000000000000
1762329867.888,5F0,0043000000000000
1762329867.035,119,000000000000
1762329868.135,119,000000000000
1762329868.189,115,0000000000000000
1762329868.289,5F0,0043000000000000
1762329868.369,115,0000000000000000
1762329868.589,5F0,0043000000000000
1762329868.435,119,000000000000
1762329868.535,119,000000000000
1762329868.841,119,000000000000
1762329868.758,5F5,00640000006403E8
1762329868.689,5F0,0043000000000000
1762329868.943,119,000000000000
1762329869.096,5F0,0044000000000000
1762329868.989,5F0,0044000000000000
1762329869.143,119,000000000000
1762329869.258,5F5,00640000006403E8
1762329869.343,119,000000000000
1762329869.390,5F0,0044000000000000
1762329869.491,5F0,0044000000000000
1762329869.543,119,000000000000
1762329869.644,119,000000000000
1762329869.747,119,000000000000
1762329869.809,115,0000000000000000
1762329869.892,5F0,0045000000000000
1762329870.051,119,000000000000
1762329869.951,119,000000000000
1762329870.193,5F0,0045000000000000
1762329870.092,5F0,0045000000000000
1762329870.293,5F0,0045000000000000
1762329870.354,119,000000000000
1762329870.451,119,000000000000
1762329870.529,115,0000000000000000
1762329870.593,5F0,0045000000000000
1762329870.694,5F0,0045000000000000
1762329870.759,5F5,00640000006403E8
1762329870.857,119,000000000000
1762329870.894,5F0,0046000000000000
1762329870.994,5F0,0046000000000000
1762329871.095,5F0,0046000000000000
1762329871.158,119,000000000000
1762329871.266,5F5,00640000006403E8
1762329871.295,5F0,0046000000000000
1762329871.496,5F0,0046000000000000
1762329871.395,5F0,0046000000000000
1762329871.558,119,000000000000
1762329871.658,119,000000000000
1762329871.797,5F0,0047000000000000
1762329871.742,5F4,000003E803E803E8
1762329871.969,115,0000000000000000
1762329871.897,5F0,0047000000000000
1762329872.067,119,000000000000
1762329872.097,5F0,0047000000000000
1762329872.198,5F0,0047000000000000
1762329872.368,119,000000000000
1762329872.298,5F0,0047000000000000
1762329872.468,119,000000000000
1762329872.509,115,0000000000000000
1762329872.598,5F0,0047000000000000
1762329872.699,5F0,0047000000000000
1762329872.773,119,000000000000
1762329872.803,5F0,0048000000000000
1762329872.901,5F0,0048000000000000
1762329873.099,5F0,0048000000000000
1762329872.999,5F0,0048000000000000
1762329873.261,5F5,00640000006403E8
1762329873.311,119,000000000000
1762329873.099,5F0,0048000000000000
1762329873.411,119,000000000000
1762329873.501,5F0,0048000000000000
1762329873.511,119,000000000000
1762329873.611,119,000000000000
1762329873.901,5F0,0049000000000000
1762329873.816,119,000000000000
1762329873.742,624,0000000000000000
1762329873.949,115,0000000000000000
1762329873.020,119,000000000000
1762329874.135,115,0000000000000000
1762329874.222,119,000000000000
1762329874.301,5F0,0049000000000000
1762329874.323,119,000000000000
1762329874.421,119,000000000000
1762329874.521,119,000000000000
1762329874.626,119,000000000000
1762329874.702,5F0,0049000000000000
1762329874.849,115,0000000000000000
1762329874.766,5F5,00640000006403E8
1762329874.928,119,000000000000
1762329874.003,5F0,004A000000000000
1762329875.103,5F0,004A000000000000
1762329875.131,119,000000000000
1762329875.263,5F5,00640000006403E8
1762329875.331,119,000000000000
1762329875.504,5F0,004A000000000000
1762329875.569,115,0000000000000000
1762329875.632,119,000000000000
1762329875.744,624,0000000000000000
1762329875.807,5F0,004B000000000000
1762329875.905,5F0,004B000000000000
1762329875.938,119,000000000000
1762329875.040,119,000000000000
1762329876.206,5F0,004B000000000000
1762329876.141,119,000000000000
1762329876.306,5F0,004B000000000000
1762329876.341,119,000000000000
1762329876.444,119,000000000000
1762329876.541,119,000000000000
1762329876.606,5F0,004B000000000000
1762329876.707,5F0,004B000000000000
1762329876.764,5F5,00640000006403E8
1762329876.847,119,000000000000
1762329876.009,115,0000000000000000
1762329877.107,5F0,004C000000000000
1762329876.949,119,000000000000
1762329877.152,119,000000000000
1762329877.308,5F0,004C000000000000
1762329877.262,5F5,00640000006403E8
1762329877.408,5F0,004C000000000000
1762329877.508,5F0,004C000000000000
1762329877.653,119,000000000000
1762329877.552,119,000000000000
1762329877.809,5F0,004D000000000000
1762329877.743,624,0000000000000000
1762329877.858,119,000000000000
1762329877.960,119,000000000000
1762329878.062,119,000000000000
1762329878.110,5F0,004D000000000000
1762329878.210,5F0,004D000000000000
1762329878.310,5F0,004D000000000000
1762329878.394,119,000000000000
1762329878.449,115,0000000000000000
1762329878.511,5F0,004D000000000000
1762329878.629,115,0000000000000000
1762329878.711,5F0,004D000000000000
1762329878.762,5F5,00640000006403E8
1762329878.811,5F0,004E000000000000
1762329878.912,5F0,004E000000000000
1762329878.012,5F0,004E000000000000
1762329879.112,5F0,004E000000000000
1762329879.265,5F5,00640000006403E8
1762329879.173,115,0000000000000000
1762329879.349,115,0000000000000000
1762329879.413,5F0,004E000000000000
1762329879.513,5F0,004E000000000000
1762329879.529,115,0000000000000000
1762329879.613,5F0,004E000000000000
1762329879.746,624,0000000000000000
1762329879.814,5F0,004F000000000000
1762329879.914,5F0,004F000000000000
1762329879.914,5F0,004F000000000000
1762329880.069,115,0000000000000000
1762329880.115,5F0,004F000000000000
1762329880.214,5F0,004F000000000000
1762329880.315,5F0,004F000000000000
1762329880.315,5F0,004F000000000000
1762329880.433,115,0000000000000000
1762329880.515,5F0,004F000000000000
1762329880.615,5F0,004F000000000000
1762329880.615,5F0,004F000000000000
1762329880.789,115,0000000000000000
1762329880.819,119,000000000000
1762329880.023,119,000000000000
1762329880.924,119,000000000000
1762329880.023,119,000000000000
1762329881.149,115,0000000000000000
1762329881.329,115,0000000000000000
1762329881.264,5F5,00640000006403E8
1762329881.426,119,000000000000
1762329881.509,115,0000000000000000
1762329881.524,119,000000000000
1762329881.625,119,000000000000
1762329881.744,624,0000000000000000
1762329881.829,119,000000000000
1762329882.049,115,0000000000000000
1762329881.931,119,000000000000
1762329881.869,115,0000000000000000
1762329882.134,119,000000000000
1762329882.233,119,000000000000
1762329882.266,5F5,00640000006403E8
1762329882.333,119,000000000000
1762329882.433,119,000000000000
1762329882.534,119,000000000000
1762329882.634,119,000000000000
1762329882.634,119,000000000000
1762329882.839,119,000000000000
1762329882.769,115,0000000000000000
1762329882.953,115,0000000000000000
1762329882.023,5F0,0052000000000000
1762329882.043,119,000000000000
1762329883.144,119,000000000000
1762329883.267,5F5,00640000006403E8
1762329883.422,5F0,0052000000000000
1762329883.343,119,000000000000
1762329883.489,115,0000000000000000
1762329883.575,119,000000000000
1762329883.677,119,000000000000
1762329883.744,624,0000000000000000
1762329883.823,5F0,0053000000000000
1762329883.882,119,000000000000
1762329883.029,115,0000000000000000
1762329883.984,119,000000000000
1762329884.123,5F0,0053000000000000
1762329884.224,5F0,0053000000000000
1762329884.286,119,000000000000
1762329884.389,115,0000000000000000
1762329884.424,5F0,0053000000000000
1762329884.524,5F0,0053000000000000
1762329884.627,5F0,0053000000000000
1762329884.688,119,000000000000
1762329884.790,119,000000000000
1762329884.825,5F0,0054000000000000
1762329884.929,115,0000000000000000
1762329884.026,5F0,0054000000000000
1762329885.109,115,0000000000000000
1762329885.196,119,000000000000
1762329885.266,5F5,00640000006403E8
1762329885.326,5F0,0054000000000000
1762329885.426,5F0,0054000000000000
1762329885.493,119,000000000000
1762329885.744,624,0000000000000000
1762329885.593,119,000000000000
1762329885.649,115,0000000000000000
1762329885.830,115,0000000000000000
1762329885.900,119,000000000000
1762329885.927,5F0,0055000000000000
1762329885.027,5F0,0055000000000000
1762329886.129,5F0,0055000000000000
1762329886.228,5F0,0055000000000000
1762329886.301,119,000000000000
1762329886.369,115,0000000000000000
1762329886.429,5F0,0055000000000000
1762329886.549,115,0000000000000000
1762329886.628,5F0,0055000000000000
1762329886.704,119,000000000000
1762329886.769,5F5,00640000006403E8
1762329886.829,5F0,0056000000000000
1762329886.929,5F0,0056000000000000
1762329886.029,5F0,0056000000000000
1762329887.109,119,000000000000
1762329887.129,5F0,0056000000000000
1762329887.269,115,0000000000000000
1762329887.330,5F0,0056000000000000
1762329887.436,5F0,0056000000000000
1762329887.509,119,000000000000
1762329887.530,5F0,0056000000000000
1762329887.631,5F0,0056000000000000
1762329887.745,624,0000000000000000
1762329887.831,5F0,0057000000000000
1762329887.916,119,000000000000
1762329887.993,115,0000000000000000
1762329887.031,5F0,0057000000000000
1762329888.133,5F0,0057000000000000
1762329888.231,5F0,0057000000000000
1762329888.349,115,0000000000000000
1762329888.269,5F5,00640000006403E8
1762329888.432,5F0,0057000000000000
1762329888.532,5F0,0057000000000000
1762329888.632,5F0,0057000000000000
1762329888.767,5F5,00640000006403E8
1762329888.858,119,000000000000
1762329888.933,5F0,0058000000000000
1762329888.033,5F0,0058000000000000
1762329889.069,115,0000000000000000
1762329889.162,119,000000000000
1762329889.267,5F5,00640000006403E8
1762329889.334,5F0,0058000000000000
1762329889.434,5F0,0058000000000000
1762329889.464,119,000000000000
1762329889.562,119,000000000000
1762329889.664,119,000000000000
1762329889.745,624,0000000000000000
1762329889.835,5F0,0059000000000000
1762329889.868,119,000000000000
1762329890.072,119,000000000000
00
1762329890.235,5F0,0059000000000000
1762329890.149,115,0000000000000000
1762329890.374,119,000000000000
1762329890.271,119,000000000000
1762329890.471,119,000000000000
1762329890.536,5F0,0059000000000000
1762329890.636,5F0,0059000000000000
1762329890.689,115,0000000000000000
1762329890.776,119,000000000000
1762329890.878,119,000000000000
1762329890.937,5F0,005A000000000000
1762329890.037,5F0,005A000000000000
1762329891.082,119,000000000000
1762329891.182,119,000000000000
1762329891.337,5F0,005A000000000000
1762329891.270,5F5,00640000006403E8
1762329891.437,5F0,005A000000000000
1762329891.481,119,000000000000
1762329891.589,115,0000000000000000
1762329891.638,5F0,005A000000000000
1762329891.745,624,0000000000000000
1762329891.786,119,000000000000
1762329891.888,119,000000000000
1762329891.990,119,000000000000
1762329891.039,5F0,005B000000000000
1762329892.139,5F0,005B000000000000
1762329892.194,119,000000000000
1762329892.439,5F0,005B000000000000
1762329892.391,119,000000000000
1762329892.309,115,0000000000000000
1762329892.545,5F0,005B000000000000
1762329892.591,119,000000000000
1762329892.796,119,000000000000
1762329892.694,119,000000000000
1762329892.849,115,0000000000000000
1762329892.941,5F0,005C000000000000
1762329892.033,115,0000000000000000
1762329893.104,119,000000000000
1762329893.141,5F0,005C000000000000
1762329893.342,5F0,005C000000000000
1762329893.271,5F5,00640000006403E8
1762329893.401,119,000000000000
1762329893.501,119,000000000000
1762329893.570,115,0000000000000000
1762329893.750,115,0000000000000000
1762329893.642,5F0,005C000000000000
1762329893.768,5F5,00640000006403E8
1762329893.843,5F0,005D000000000000
1762329894.145,119,000000000000
1762329893.947,5F0,005D000000000000
1762329893.044,5F0,005D000000000000
1762329894.145,119,000000000000
1762329894.289,115,0000000000000000
1762329894.344,5F0,005D000000000000
1762329894.469,115,0000000000000000
1762329894.544,5F0,005D000000000000
1762329894.649,115,0000000000000000
1762329894.544,5F0,005D000000000000
1762329894.769,5F5,00640000006403E8
1762329894.850,119,000000000000
1762329894.952,119,000000000000
1762329894.009,115,0000000000000000
1762329895.054,119,000000000000
1762329895.189,115,0000000000000000
1762329895.269,5F5,00640000006403E8
1762329895.353,119,000000000000
1762329895.369,115,0000000000000000
1762329895.453,119,000000000000
1762329895.555,119,000000000000
1762329895.655,119,000000000000
1762329895.771,5F5,00640000006403E8
1762329895.757,119,000000000000
1762329895.961,119,000000000000
1762329895.909,115,0000000000000000
1762329896.063,119,000000000000
1762329896.148,5F0,005F000000000000
1762329896.163,119,000000000000
1762329896.270,5F5,00640000006403E8
1762329896.362,119,000000000000
1762329896.467,119,000000000000
1762329896.548,5F0,005F000000000000
1762329896.629,115,0000000000000000
1762329896.664,119,000000000000
1762329896.868,119,000000000000
1762329896.772,5F5,00640000006403E8
1762329896.951,5F0,0060000000000000
1762329896.989,115,0000000000000000
1762329897.072,119,000000000000
1762329897.171,119,000000000000
1762329897.271,119,000000000000
1762329897.350,5F0,0060000000000000
1762329897.471,119,000000000000
1762329897.372,119,000000000000
1762329897.571,119,000000000000
1762329897.673,119,000000000000
1762329897.889,115,0000000000000000
1762329897.751,5F0,0061000000000000
1762329897.776,119,000000000000
1762329897.980,119,000000000000
1762329898.069,115,0000000000000000
1762329898.152,5F0,0061000000000000
1762329898.288,119,000000000000
1762329898.182,119,000000000000
1762329898.381,119,000000000000
1762329898.609,115,0000000000000000
1762329898.452,5F0,0061000000000000
1762329898.553,5F0,0061000000000000
1762329898.683,119,000000000000
1762329898.789,115,0000000000000000
1762329898.853,5F0,0062000000000000
1762329898.953,5F0,0062000000000000
1762329898.969,115,0000000000000000
1762329899.054,5F0,0062000000000000
1762329899.154,5F0,0062000000000000
1762329899.271,5F5,00640000006403E8
1762329899.355,5F0,0062000000000000
1762329899.425,119,000000000000
1762329899.509,115,0000000000000000
1762329899.655,5F0,0062000000000000
1762329899.555,5F0,0062000000000000
1762329899.759,5F0,0063000000000000
1762329899.832,119,000000000000
1762329899.869,115,0000000000000000
1762329899.956,5F0,0063000000000000
1762329900.056,5F0,0063000000000000
1762329900.156,5F0,0063000000000000
1762329900.236,119,000000000000
1762329900.271,5F5,00640000006403E8
1762329900.356,5F0,0063000000000000
1762329900.456,5F0,0063000000000000
1762329900.557,5F0,0063000000000000
1762329900.636,119,000000000000
1762329900.657,5F0,0063000000000000
1762329900.772,5F5,00640000006403E8
1762329900.857,5F0,0064000000000000
1762329900.957,5F0,0064000000000000
1762329900.957,5F0,0064000000000000
1762329901.158,5F0,0064000000000000
1762329901.272,5F5,00640000006403E8
1762329901.358,5F0,0064000000000000
1762329901.559,5F0,0064000000000000
1762329901.489,115,0000000000000000
1762329901.358,5F0,0064000000000000
1762329901.669,115,0000000000000000
1762329901.748,119,000000000000
1762329901.859,5F0,0065000000000000
1762329901.772,5F5,00640000006403E8
1762329901.960,5F0,0065000000000000
1762329902.060,5F0,0065000000000000
1762329902.155,119,000000000000
1762329902.278,5F5,00640000006403E8
1762329902.209,115,0000000000000000
1762329902.389,115,0000000000000000
1762329902.461,5F0,0065000000000000
1762329902.555,119,000000000000
1762329902.569,115,0000000000000000
1762329902.772,5F5,00640000006403E8
1762329902.661,5F0,0065000000000000
1762329902.861,5F0,0066000000000000
1762329902.963,119,000000000000
1762329902.929,115,0000000000000000
1762329903.109,115,0000000000000000
1762329903.273,5F5,00640000006403E8
1762329903.166,119,000000000000
1762329903.365,119,000000000000
1762329903.289,115,0000000000000000
1762329903.469,115,0000000000000000
1762329903.565,119,000000000000
1762329903.667,119,000000000000
1762329903.747,624,0000000000000000
1762329903.829,115,0000000000000000
1762329903.871,119,000000000000
1762329903.973,119,000000000000
1762329904.075,119,000000000000
1762329904.075,119,000000000000
1762329904.189,115,0000000000000000
1762329904.308,119,000000000000
1762329904.369,115,0000000000000000
1762329904.464,5F0,0067000000000000
1762329904.549,115,0000000000000000
1762329904.607,119,000000000000
1762329904.773,5F5,00640000006403E8
1762329904.710,119,000000000000
1762329904.865,5F0,0068000000000000
1762329904.914,119,000000000000
1762329904.016,119,000000000000
1762329905.120,119,000000000000
1762329905.166,5F0,0068000000000000
1762329905.317,119,000000000000
1762329905.276,5F5,00640000006403E8
1762329905.417,119,000000000000
1762329905.567,5F0,0068000000000000
1762329905.517,119,000000000000
1762329905.667,5F0,0068000000000000
1762329905.747,624,0000000000000000
1762329905.822,119,000000000000
1762329905.867,5F0,0069000000000000
1762329905.989,115,0000000000000000
1762329906.068,5F0,0069000000000000
1762329906.128,119,000000000000
1762329906.227,119,000000000000
1762329906.274,5F5,00640000006403E8
1762329906.369,5F0,0069000000000000
1762329906.469,5F0,0069000000000000
1762329906.529,115,0000000000000000
1762329906.628,119,000000000000
1762329906.709,115,0000000000000000
1762329906.774,5F5,00640000006403E8
1762329906.869,5F0,006A000000000000
1762329906.934,119,000000000000
1762329906.036,119,000000000000
1762329907.070,5F0,006A000000000000
1762329907.170,5F0,006A000000000000
1762329907.277,5F5,00640000006403E8
1762329907.437,119,000000000000
1762329907.337,119,000000000000
1762329907.470,5F0,006A000000000000
1762329907.571,5F0,006A000000000000
1762329907.671,5F0,006A000000000000
1762329907.748,624,0000000000000000
1762329907.789,115,0000000000000000
1762329907.875,5F0,006B000000000000
1762329907.971,5F0,006B000000000000
1762329908.072,5F0,006B000000000000
1762329908.149,115,0000000000000000
1762329908.172,5F0,006B000000000000
1762329908.275,5F5,00640000006403E8
1762329908.373,5F0,006B000000000000
1762329908.547,119,000000000000
00
1762329908.575,5F0,006B000000000000
1762329908.689,115,0000000000000000
1762329908.778,5F5,00640000006403E8
1762329908.873,5F0,006C000000000000
1762329908.955,119,000000000000
1762329908.974,5F0,006C000000000000
1762329909.074,5F0,006C000000000000
1762329909.174,5F0,006C000000000000
1762329909.276,5F5,00640000006403E8
1762329909.276,5F5,00640000006403E8
1762329909.409,115,0000000000000000
1762329909.490,119,000000000000
1762329909.590,115,0000000000000000
1762329909.677,5F0,006C000000000000
1762329909.794,119,000000000000
1762329909.896,119,000000000000
1762329909.748,624,0000000000000000
1762329910.076,5F0,006D000000000000
1762329909.998,119,000000000000
1762329910.129,115,0000000000000000
1762329910.202,119,000000000000
1762329910.309,115,0000000000000000
1762329910.400,119,000000000000
1762329910.477,5F0,006D000000000000
1762329910.502,119,000000000000
1762329910.600,119,000000000000
1762329910.703,119,000000000000
1762329910.805,119,000000000000
1762329910.907,119,000000000000
1762329910.878,5F0,006E000000000000
1762329910.029,115,0000000000000000
1762329911.178,5F0,006E000000000000
1762329911.111,119,000000000000
1762329911.411,119,000000000000
1762329911.281,5F0,006E000000000000
1762329911.311,119,000000000000
1762329911.516,119,000000000000
1762329911.581,5F0,006E000000000000
1762329911.679,5F0,006E000000000000
1762329911.749,115,0000000000000000
1762329911.918,119,000000000000
1762329911.816,119,000000000000
1762329911.980,5F0,006F000000000000
1762329912.122,119,000000000000
1762329912.080,5F0,006F000000000000
1762329912.222,119,000000000000
1762329912.321,119,000000000000
1762329912.381,5F0,006F000000000000
1762329912.481,5F0,006F000000000000
1762329912.521,119,000000000000
1762329912.622,119,000000000000
1762329912.724,119,000000000000
1762329912.782,5F0,0070000000000000
1762329912.882,5F0,0070000000000000
1762329912.928,119,000000000000
1762329912.030,119,000000000000
1762329913.082,5F0,0070000000000000
1762329913.283,5F0,0070000000000000
1762329913.189,115,0000000000000000
1762329913.336,119,000000000000
1762329913.431,119,000000000000
1762329913.483,5F0,0070000000000000
1762329913.583,5F0,0070000000000000
1762329913.685,5F0,0070000000000000
1762329913.750,624,0000000000000000
1762329913.836,119,000000000000
1762329913.984,5F0,0071000000000000
1762329913.909,115,0000000000000000
1762329914.085,5F0,0071000000000000
1762329914.285,5F0,0071000000000000
1762329914.142,119,000000000000
1762329914.246,119,000000000000
1762329914.389,5F0,0071000000000000
1762329914.485,5F0,0071000000000000
1762329914.485,5F0,0071000000000000
1762329914.629,115,0000000000000000
1762329914.686,5F0,0071000000000000
1762329914.786,5F0,0072000000000000
1762329914.886,5F0,0072000000000000
1762329914.886,5F0,0072000000000000
1762329914.989,115,0000000000000000
1762329915.086,5F0,0072000000000000
1762329915.186,5F0,0072000000000000
1762329915.287,5F0,0072000000000000
1762329915.349,115,0000000000000000
1762329915.387,5F0,0072000000000000
1762329915.487,5F0,0072000000000000
1762329915.587,5F0,0072000000000000
1762329915.688,5F0,0072000000000000
1762329915.749,624,0000000000000000
1762329915.789,119,000000000000
1762329915.891,119,000000000000
1762329915.998,119,000000000000
1762329916.088,5F0,0073000000000000
1762329916.095,119,000000000000
1762329916.195,119,000000000000
1762329916.294,119,000000000000
1762329916.429,115,0000000000000000
1762329916.394,119,000000000000
1762329916.494,119,000000000000
1762329916.609,115,0000000000000000
1762329916.697,119,000000000000
1762329916.802,119,000000000000
1762329916.802,119,000000000000
1762329916.901,119,000000000000
1762329916.003,119,000000000000
1762329917.105,119,000000000000
1762329917.206,119,000000000000
1762329917.278,5F5,00640000006403E8
1762329917.329,115,0000000000000000
1762329917.405,119,000000000000
1762329917.509,115,0000000000000000
1762329917.606,119,000000000000
1762329917.606,119,000000000000
1762329917.749,624,0000000000000000
1762329917.810,119,000000000000
1762329917.912,119,000000000000
1762329917.992,5F0,0075000000000000
1762329917.049,115,0000000000000000
1762329918.229,115,0000000000000000
1762329918.116,119,000000000000
1762329918.316,119,000000000000
1762329918.393,5F0,0075000000000000
1762329918.416,119,000000000000
1762329918.516,119,000000000000
1762329918.719,119,000000000000
1762329918.617,119,000000000000
1762329918.797,5F0,0076000000000000
1762329918.821,119,000000000000
1762329918.949,115,0000000000000000
1762329918.025,119,000000000000
1762329919.127,119,000000000000
1762329919.279,5F5,00640000006403E8
1762329919.195,5F0,0076000000000000
1762329919.326,119,000000000000
1762329919.428,119,000000000000
1762329919.526,119,000000000000
1762329919.597,5F0,0076000000000000
1762329919.669,115,0000000000000000
1762329919.797,5F0,0077000000000000
1762329919.750,624,0000000000000000
1762329919.897,5F0,0077000000000000
1762329919.998,5F0,0077000000000000
1762329920.098,5F0,0077000000000000
1762329920.069,119,000000000000
1762329920.209,115,0000000000000000
1762329920.298,5F0,0077000000000000
1762329920.398,5F0,0077000000000000
1762329920.469,119,000000000000
1762329920.499,5F0,0077000000000000
1762329920.599,5F0,0077000000000000
1762329920.701,5F0,0077000000000000
1762329920.799,5F0,0078000000000000
1762329920.875,119,000000000000
1762329920.929,115,0000000000000000
1762329921.200,5F0,0078000000000000
1762329921.280,5F5,00640000006403E8
1762329921.401,5F0,0078000000000000
1762329921.501,5F0,0078000000000000
1762329921.601,5F0,0078000000000000
1762329921.681,119,000000000000
1762329921.750,624,0000000000000000
1762329921.829,115,0000000000000000
1762329921.903,5F0,0079000000000000
1762329921.009,115,0000000000000000
1762329921.002,5F0,0079000000000000
1762329922.102,5F0,0079000000000000
1762329922.203,5F0,0079000000000000
1762329922.307,5F0,0079000000000000
1762329922.403,5F0,0079000000000000
1762329922.403,5F0,0079000000000000
1762329922.603,5F0,0079000000000000
1762329922.704,5F0,0079000000000000
1762329922.549,115,0000000000000000
1762329922.803,5F0,007A000000000000
1762329922.803,5F0,007A000000000000
1762329922.909,115,0000000000000000
1762329922.004,5F0,007A000000000000
1762329923.104,5F0,007A000000000000
1762329923.210,5F0,007A000000000000
1762329923.281,5F5,00640000006403E8
1762329923.304,5F0,007A000000000000
1762329923.449,115,0000000000000000
1762329923.605,5F0,007A000000000000
1762329923.505,5F0,007A000000000000
1762329923.629,115,0000000000000000
1762329923.809,115,0000000000000000
1762329923.906,119,000000000000
1762329923.008,119,000000000000
1762329924.169,115,0000000000000000
1762329924.210,119,000000000000
1762329924.309,119,000000000000
1762329923.008,119,000000000000
1762329924.529,115,0000000000000000
1762329924.609,119,000000000000
1762329924.409,119,000000000000
1762329924.409,119,000000000000
1762329924.712,119,000000000000
1762329924.807,5F0,007C000000000000
1762329924.889,115,0000000000000000
1762329924.907,5F0,007C000000000000
1762329925.108,5F0,007C000000000000
1762329924.008,5F0,007C000000000000
1762329925.208,5F0,007C000000000000
1762329925.352,119,000000000000
1762329925.282,5F5,00640000006403E8
1762329925.429,115,0000000000000000
1762329925.509,5F0,007C000000000000
1762329925.609,115,0000000000000000
1762329925.656,119,000000000000
1762329925.756,119,000000000000
1762329925.809,5F0,007D000000000000
1762329925.909,5F0,007D000000000000
1762329926.062,119,000000000000
00
1762329926.163,119,000000000000
1762329926.210,5F0,007D000000000000
1762329926.362,119,000000000000
1762329926.329,115,0000000000000000
1762329926.462,119,000000000000
1762329926.568,119,000000000000
1762329926.611,5F0,007D000000000000
1762329926.783,5F5,00640000006403E8
1762329926.711,5F0,007D000000000000
1762329926.869,115,0000000000000000
1762329926.970,118,000000000000
1762329927.111,5F0,007E000000000000
1762329927.173,119,000000000000
1762329926.049,115,0000000000000000
1762329927.283,5F5,00640000006403E8
1762329927.312,5F0,007E000000000000
1762329927.412,5F0,007E000000000000
1762329927.674,119,000000000000
1762329927.589,115,0000000000000000
1762329927.512,5F0,007E000000000000
1762329927.769,115,0000000000000000
1762329927.813,5F0,007F000000000000
1762329927.913,5F0,007F000000000000
1762329927.980,119,000000000000
1762329928.082,119,000000000000
1762329928.129,115,0000000000000000
1762329928.214,5F0,007F000000000000
1762329928.319,5F0,007F000000000000
1762329928.489,115,0000000000000000
1762329928.386,119,000000000000
1762329928.514,5F0,007F000000000000
1762329928.715,5F0,007F000000000000
1762329928.615,5F0,007F000000000000
1762329928.786,119,000000000000
1762329928.029,115,0000000000000000
1762329928.888,119,000000000000
1762329928.915,5F0,0080000000000000
1762329929.116,5F0,0080000000000000
1762329929.209,115,0000000000000000
1762329929.284,5F5,00640000006403E8
1762329929.316,5F0,0080000000000000
1762329929.416,5F0,0080000000000000
1762329929.516,5F0,0080000000000000
1762329929.591,119,000000000000
1762329929.616,5F0,0080000000000000
1762329929.751,624,0000000000000000
1762329929.817,5F0,0081000000000000
1762329929.929,115,0000000000000000
1762329929.000,119,000000000000
1762329929.017,5F0,0081000000000000
1762329930.117,5F0,0081000000000000
1762329930.235,119,000000000000
1762329930.318,5F0,0081000000000000
1762329930.335,119,000000000000
1762329930.469,115,0000000000000000
1762329930.535,119,000000000000
1762329930.649,115,0000000000000000
1762329930.719,5F0,0081000000000000
1762329930.785,5F5,00640000006403E8
1762329930.839,119,000000000000
1762329930.944,119,000000000000
1762329930.049,119,000000000000
1762329931.120,5F0,0082000000000000
1762329931.189,115,0000000000000000
1762329931.285,5F5,00640000006403E8
1762329931.369,115,0000000000000000
1762329931.521,5F0,0082000000000000
1762329931.444,119,000000000000
1762329931.549,115,0000000000000000
1762329931.646,119,000000000000
1762329931.751,624,0000000000000000
1762329931.922,5F0,0083000000000000
1762329931.850,118,000000000000
1762329931.959,119,000000000000
1762329932.089,115,0000000000000000
1762329932.155,119,000000000000
1762329932.222,5F0,0083000000000000
1762329932.323,5F0,0083000000000000
1762329932.355,119,000000000000
1762329932.455,119,000000000000
1762329932.555,119,000000000000
1762329932.729,5F0,0083000000000000
1762329932.629,115,0000000000000000
1762329932.809,115,0000000000000000
1762329932.860,119,000000000000
1762329932.962,119,000000000000
1762329933.125,5F0,0084000000000000
1762329932.024,5F0,0084000000000000
1762329933.169,115,0000000000000000
1762329933.288,5F5,00640000006403E8
1762329933.365,119,000000000000
1762329933.426,5F0,0084000000000000
1762329933.566,119,000000000000
1762329933.529,115,0000000000000000
1762329933.768,119,000000000000
1762329933.666,119,000000000000
1762329933.927,5F0,0085000000000000
1762329933.827,5F0,0085000000000000
1762329933.972,119,000000000000
1762329934.074,119,000000000000
1762329934.128,5F0,0085000000000000
1762329934.249,115,0000000000000000
1762329934.328,5F0,0085000000000000
1762329934.375,119,000000000000
1762329934.528,5F0,0085000000000000
1762329934.479,119,000000000000
1762329934.628,5F0,0085000000000000
1762329934.728,5F0,0085000000000000
1762329934.789,115,0000000000000000
1762329934.880,119,000000000000
1762329934.029,5F0,0086000000000000
1762329935.129,5F0,0086000000000000
1762329935.185,119,000000000000
1762329935.287,5F5,00640000006403E8
1762329935.330,5F0,0086000000000000
1762329935.430,5F0,0086000000000000
1762329935.517,119,000000000000
1762329935.531,5F0,0086000000000000
1762329935.689,115,0000000000000000
1762329935.831,5F0,0087000000000000
1762329935.752,624,0000000000000000
1762329935.924,119,000000000000
1762329935.931,5F0,0087000000000000
1762329935.049,115,0000000000000000
1762329936.131,5F0,0087000000000000
1762329936.327,119,000000000000
1762329936.231,5F0,0087000000000000
1762329936.409,115,0000000000000000
1762329936.435,5F0,0087000000000000
1762329936.532,5F0,0087000000000000
1762329936.632,5F0,0087000000000000
1762329936.729,119,000000000000
1762329936.788,5F5,00640000006403E8
1762329936.833,5F0,0088000000000000
1762329936.949,115,0000000000000000
1762329936.035,119,000000000000
1762329937.129,115,0000000000000000
1762329937.137,119,000000000000
1762329937.288,5F5,00640000006403E8
1762329937.337,119,000000000000
1762329937.437,119,000000000000
1762329937.490,115,0000000000000000
1762329937.537,119,000000000000
1762329937.669,115,0000000000000000
1762329937.752,624,0000000000000000
1762329937.849,115,0000000000000000
1762329937.849,115,0000000000000000
1762329937.943,119,000000000000
1762329937.046,119,000000000000
1762329938.247,119,000000000000
1762329938.288,5F5,00640000006403E8
1762329938.147,119,000000000000
1762329938.389,115,0000000000000000
1762329938.447,119,000000000000
1762329938.569,115,0000000000000000
1762329938.648,119,000000000000
1762329938.648,119,000000000000
1762329938.789,5F5,00640000006403E8
1762329938.852,119,000000000000
1762329938.956,119,000000000000
1762329938.037,5F0,008A000000000000
1762329939.157,119,000000000000
1762329939.109,115,0000000000000000
1762329939.290,115,0000000000000000
1762329939.357,119,000000000000
1762329939.438,5F0,008A000000000000
1762329939.470,115,0000000000000000
1762329939.557,119,000000000000
1762329939.658,119,000000000000
1762329939.760,119,000000000000
1762329939.839,5F0,008B000000000000
1762329939.866,119,000000000000
1762329939.012,115,0000000000000000
1762329940.066,119,000000000000
1762329940.167,119,000000000000
1762329940.240,5F0,008B000000000000
1762329940.289,5F5,00640000006403E8
1762329940.371,115,0000000000000000
1762329940.440,5F0,008B000000000000
1762329940.551,115,0000000000000000
1762329940.641,5F0,008B000000000000
1762329940.731,115,0000000000000000
1762329940.803,119,000000000000
1762329940.845,5F0,008C000000000000
1762329940.941,5F0,008C000000000000
1762329940.041,5F0,008C000000000000
1762329941.109,119,000000000000
1762329941.209,119,000000000000
1762329941.289,5F5,00640000006403E8
1762329941.342,5F0,008C000000000000
1762329941.451,115,0000000000000000
1762329941.509,119,000000000000
1762329941.609,119,000000000000
00
1762329941.760,624,0000000000000000
1762329941.844,5F0,008D000000000000
1762329941.915,119,000000000000
1762329941.991,115,0000000000000000
1762329942.171,115,0000000000000000
1762329941.044,5F0,008D000000000000
1762329942.245,5F0,008D000000000000
1762329942.319,119,000000000000
1762329942.351,115,0000000000000000
1762329942.445,5F0,008D000000000000
1762329942.545,5F0,008D000000000000
1762329942.646,5F0,008D000000000000
1762329942.721,119,000000000000
1762329942.790,5F5,00640000006403E8
1762329942.891,115,0000000000000000
1762329942.946,5F0,008E000000000000
1762329942.046,5F0,008E000000000000
1762329943.129,119,000000000000
1762329943.146,5F0,008E000000000000
1762329943.347,5F0,008E000000000000
1762329943.290,5F5,00640000006403E8
1762329943.447,5F0,008E000000000000
1762329943.529,119,000000000000
1762329943.611,115,0000000000000000
1762329943.648,5F0,008E000000000000
1762329943.753,624,0000000000000000
1762329943.848,5F0,008F000000000000
1762329943.935,119,000000000000
00
1762329943.048,5F0,008F000000000000
1762329944.151,115,0000000000000000
1762329944.249,5F0,008F000000000000
1762329944.331,115,0000000000000000
1762329944.349,5F0,008F000000000000
1762329944.451,5F0,008F000000000000
1762329944.549,5F0,008F000000000000
1762329944.650,5F0,008F000000000000
1762329944.691,115,0000000000000000
1762329944.791,5F5,00640000006403E8
1762329944.871,115,0000000000000000
1762329944.950,5F0,0090000000000000
1762329944.051,5F0,0090000000000000
1762329944.051,5F0,0090000000000000
1762329945.151,5F0,0090000000000000
1762329945.291,5F5,00640000006403E8
1762329945.451,5F0,0090000000000000
1762329945.352,5F0,0090000000000000
1762329945.451,5F0,0090000000000000
1762329945.591,115,0000000000000000
1762329945.652,5F0,0090000000000000
1762329945.853,5F0,0091000000000000
1762329945.771,115,0000000000000000
1762329945.888,119,000000000000
1762329945.990,119,000000000000
1762329946.096,119,000000000000
1762329946.153,5F0,0091000000000000
1762329946.253,5F0,0091000000000000
1762329946.312,115,0000000000000000
1762329946.393,119,000000000000
1762329946.493,119,000000000000
1762329946.554,5F0,0091000000000000
1762329946.657,5F0,0091000000000000
1762329946.695,119,000000000000
1762329946.955,5F0,0092000000000000
1762329946.854,5F0,0092000000000000
1762329946.799,119,000000000000
1762329947.055,5F0,0092000000000000
1762329947.103,119,000000000000
1762329947.293,5F5,00640000006403E8
1762329947.211,115,0000000000000000
1762329947.355,5F0,0092000000000000
1762329947.503,119,000000000000
1762329947.455,5F0,0092000000000000
1762329947.603,119,000000000000
1762329947.656,5F0,0092000000000000
1762329947.756,5F0,0093000000000000
1762329947.857,5F0,0093000000000000
1762329947.931,115,0000000000000000
1762329947.011,119,000000000000
1762329948.057,5F0,0093000000000000
1762329948.157,5F0,0093000000000000
1762329948.257,5F0,0093000000000000
1762329948.313,119,000000000000
1762329948.414,119,000000000000
1762329948.558,5F0,0093000000000000
1762329948.658,5F0,0093000000000000
1762329948.715,119,000000000000
1762329948.817,119,000000000000
1762329948.859,5F0,0094000000000000
1762329948.959,5F0,0094000000000000
1762329949.059,5F0,0094000000000000
1762329949.123,119,000000000000
1762329949.190,115,0000000000000000
1762329949.294,5F5,00640000006403E8
1762329949.370,115,0000000000000000
1762329949.527,119,000000000000
1762329949.423,119,000000000000
1762329949.561,5F0,0094000000000000
1762329949.661,5F0,0094000000000000
1762329949.761,5F0,0095000000000000
1762329949.929,119,000000000000
1762329949.827,119,000000000000
1762329949.962,5F0,0095000000000000
1762329950.090,115,0000000000000000
1762329950.162,5F0,0095000000000000
1762329950.233,119,000000000000
1762329950.333,119,000000000000
1762329950.366,5F0,0095000000000000
1762329950.563,5F0,0095000000000000
1762329950.463,5F0,0095000000000000
1762329950.634,119,000000000000
1762329950.735,119,000000000000
1762329950.810,115,0000000000000000
1762329950.863,5F0,0096000000000000
1762329950.973,119,000000000000
1762329950.990,115,0000000000000000
1762329951.075,119,000000000000
1762329951.176,119,000000000000
1762329951.295,5F5,00640000006403E8
1762329951.376,119,000000000000
1762329951.376,119,000000000000
1762329951.530,115,0000000000000000
1762329951.678,119,000000000000
1762329951.779,119,000000000000
1762329951.576,119,000000000000
1762329951.890,115,0000000000000000
1762329951.795,5F5,00640000006403E8
